"event_id","path_2","main"
"169145","https://www.nycgovparks.org/common_images/events/full/5b2bfaecd7524.jpg","1"
"175369","https://www.nycgovparks.org/common_images/events/full/5b7c3a2349625.jpg","1"
"137720","https://www.nycgovparks.org/common_images/events/full/5679612da0624.jpg","1"
"154927","https://www.nycgovparks.org/common_images/events/full/58daa30d88260.jpg","1"
"123664","https://www.nycgovparks.org/common_images/events/full/552d43a12516a.jpg","0"
"147777","https://www.nycgovparks.org/common_images/events/full/592976bb8a458.jpg","1"
"89098","https://www.nycgovparks.org/common_images/events/full/5163470fe9ca2.png","1"
"165427","https://www.nycgovparks.org/common_images/events/full/5ae0d3052985d.jpg","1"
"178480","https://www.nycgovparks.org/common_images/events/full/5bc8ab5b2e87c.jpg","1"
"89040","https://www.nycgovparks.org/common_images/events/full/534d5bf57a9a9.jpg","0"
"173640","https://www.nycgovparks.org/common_images/events/full/575f1abebf753.jpg","1"
"96755","https://www.nycgovparks.org/common_images/events/full/53a848c176dcf.jpg","1"
"157897","https://www.nycgovparks.org/common_images/events/full/5835db853eaf0.jpg","1"
"86610","https://www.nycgovparks.org/common_images/events/full/535ff9fe4227f.jpg","1"
"66286","https://www.nycgovparks.org/common_images/events/full/511bfc0297cbb.JPG","1"
"162709","https://www.nycgovparks.org/common_images/events/full/5a9da35ed128f.jpg","1"
"161606","https://www.nycgovparks.org/common_images/events/full/5a7cb441620f7.JPG","1"
"126011","https://www.nycgovparks.org/common_images/events/full/5707fe79def37.JPG","1"
"149583","https://www.nycgovparks.org/common_images/events/full/58daa493b5021.jpg","1"
"155001","https://www.nycgovparks.org/common_images/events/full/58daa30d88260.jpg","1"
"152950","https://www.nycgovparks.org/common_images/events/full/598b33a6d0802.jpg","1"
"155113","https://www.nycgovparks.org/common_images/events/full/58daa366dd267.jpg","1"
"171117","https://www.nycgovparks.org/common_images/events/full/582dc931cb262.jpg","1"
"144764","https://www.nycgovparks.org/common_images/events/full/58daa514d21db.jpg","1"
"102766","https://www.nycgovparks.org/common_images/events/full/547cda2016286.jpg","1"
"144654","https://www.nycgovparks.org/common_images/events/full/58daa2edbf28e.jpg","1"
"139568","https://www.nycgovparks.org/common_images/events/full/5835db853eaf0.jpg","1"
"130165","https://www.nycgovparks.org/common_images/events/full/57977acd54f9b.jpg","1"
"162466","https://www.nycgovparks.org/common_images/events/full/5a8c48f601150.JPG","1"
"131022","https://www.nycgovparks.org/common_images/events/full/5760734e0ea9a.png","1"
"135546","https://www.nycgovparks.org/common_images/events/full/57bf52fa4b6ac.jpg","1"
"163000","https://www.nycgovparks.org/common_images/events/full/5a8dbe6bd8596.jpg","1"
"171901","https://www.nycgovparks.org/common_images/events/full/5b5b704b7e426.jpg","1"
"89117","https://www.nycgovparks.org/common_images/events/full/528134f69ac11.jpg","1"
"112314","https://www.nycgovparks.org/common_images/events/full/5570a9913e968.jpg","1"
"154275","https://www.nycgovparks.org/common_images/events/full/59bfd4eb61944.jpg","1"
"119235","https://www.nycgovparks.org/common_images/events/full/56015e0e7e870.JPG","0"
"168699","https://www.nycgovparks.org/common_images/events/full/5a9dac4187a34.jpg","1"
"167478","https://www.nycgovparks.org/common_images/events/full/5bb7cc41e8e6f.png","1"
"114274","https://www.nycgovparks.org/common_images/events/full/5591a13e7c98f.jpg","1"
"175749","https://www.nycgovparks.org/common_images/events/full/5b855d59916d4.JPG","1"
"104258","https://www.nycgovparks.org/common_images/events/full/54b55480939aa.JPG","1"
"148134","https://www.nycgovparks.org/common_images/events/full/59357922a9d5a.jpg","1"
"114508","https://www.nycgovparks.org/common_images/events/full/559440414964f.jpg","1"
"160246","https://www.nycgovparks.org/common_images/events/full/573238818609b.jpg","1"
"177220","https://www.nycgovparks.org/common_images/events/full/5ba2b02aec835.jpg","1"
"104193","https://www.nycgovparks.org/common_images/events/full/54b55480939aa.JPG","1"
"158019","https://www.nycgovparks.org/common_images/events/full/5835d712e52a1.JPG","1"
"62726","https://www.nycgovparks.org/common_images/events/full/509d3def97b32.jpg","1"
"87593","https://www.nycgovparks.org/common_images/events/full/534d787974f5b.jpg","1"
"119111","https://www.nycgovparks.org/common_images/events/full/55fc4f87442a0.jpg","1"
"128861","https://www.nycgovparks.org/common_images/events/full/573c8b564a761.jpg","1"
"142955","https://www.nycgovparks.org/common_images/events/full/58c06815a7b40.JPG","1"
"136035","https://www.nycgovparks.org/common_images/events/full/57c4950599beb.jpg","1"
"141761","https://www.nycgovparks.org/common_images/events/full/5889250c050f7.jpg","1"
"166394","https://www.nycgovparks.org/common_images/events/full/59442755cc0f0.jpg","1"
"160704","https://www.nycgovparks.org/common_images/events/full/5a7483c21c8ea.jpg","1"
"127031","https://www.nycgovparks.org/common_images/events/full/572a15bfb9157.jpg","1"
"177777","https://www.nycgovparks.org/common_images/events/full/5bb2641d0be8e.jpg","1"
"75382","https://www.nycgovparks.org/common_images/events/full/51cb3e08f1840.jpg","1"
"160635","https://www.nycgovparks.org/common_images/events/full/5a6f7ee8bce18.jpg","1"
"155231","https://www.nycgovparks.org/common_images/events/full/5940551462ae4.jpg","1"
"139983","https://www.nycgovparks.org/common_images/events/full/573235c594bc8.jpg","1"
"147276","https://www.nycgovparks.org/common_images/events/full/591f438fbae5b.jpg","1"
"121451","https://www.nycgovparks.org/common_images/events/full/565c7772c48dd.JPG","1"
"134947","https://www.nycgovparks.org/common_images/events/full/57b7195092187.jpg","1"
"172207","https://www.nycgovparks.org/common_images/events/full/5b606dffed7c5.jpg","1"
"155745","https://www.nycgovparks.org/common_images/events/full/58daa3317c06c.jpg","1"
"137318","https://www.nycgovparks.org/common_images/events/full/572a15bfb9157.jpg","1"
"177645","https://www.nycgovparks.org/common_images/events/full/5bae6f260a52d.jpg","1"
"94000","https://www.nycgovparks.org/common_images/events/full/537519d8d5698.jpg","0"
"156364","https://www.nycgovparks.org/common_images/events/full/59e63ff1e9d5d.png","1"
"66289","https://www.nycgovparks.org/common_images/events/full/511bfc0297cbb.JPG","1"
"153960","https://www.nycgovparks.org/common_images/events/full/59b69109ec702.jpg","1"
"131227","https://www.nycgovparks.org/common_images/events/full/576444d314b2d.jpg","1"
"169249","https://www.nycgovparks.org/common_images/events/full/5b2ea9cc73c9a.jpg","1"
"155712","https://www.nycgovparks.org/common_images/events/full/58daa3317c06c.jpg","1"
"102843","https://www.nycgovparks.org/common_images/events/full/547f36502d998.jpg","1"
"124795","https://www.nycgovparks.org/common_images/events/full/56f15c0f3a162.jpeg","1"
"155767","https://www.nycgovparks.org/common_images/events/full/59d2a7e2af1be.jpg","1"
"95535","https://www.nycgovparks.org/common_images/events/full/51827f235fa3d.jpg","1"
"106328","https://www.nycgovparks.org/common_images/events/full/5395c8d750ccf.jpg","1"
"66107","https://www.nycgovparks.org/common_images/events/full/511bb82a307e4.jpg","1"
"112508","https://www.nycgovparks.org/common_images/events/full/5571ab143a72a.jpg","0"
"146047","https://www.nycgovparks.org/common_images/events/full/58f929cd23d66.png","0"
"167656","https://www.nycgovparks.org/common_images/events/full/5bb7d4009e144.png","1"
"134360","https://www.nycgovparks.org/common_images/events/full/57a3c41021bcb.jpg","1"
"108316","https://www.nycgovparks.org/common_images/events/full/552d22b9b8f61.jpg","1"
"147882","https://www.nycgovparks.org/common_images/events/full/592dcd81d6ac8.jpg","1"
"178361","https://www.nycgovparks.org/common_images/events/full/5bc0a6ee28e7d.JPG","1"
"160139","https://www.nycgovparks.org/common_images/events/full/573238818609b.jpg","1"
"93965","https://www.nycgovparks.org/common_images/events/full/537519d8d5698.jpg","0"
"155381","https://www.nycgovparks.org/common_images/events/full/58daa422a8c80.jpg","1"
"177468","https://www.nycgovparks.org/common_images/events/full/5bae43c290294.jpg","1"
"142611","https://www.nycgovparks.org/common_images/events/full/58bc62e2af278.jpg","1"
"168715","https://www.nycgovparks.org/common_images/events/full/5b2412395e5f5.JPG","1"
"161353","https://www.nycgovparks.org/common_images/events/full/5a78d96dea3cb.jpg","1"
"159538","https://www.nycgovparks.org/common_images/events/full/5a4ba341b918c.jpg","1"
"165596","https://www.nycgovparks.org/common_images/events/full/59407c2ab6b5e.jpg","1"
"176923","https://www.nycgovparks.org/common_images/events/full/5bc0a4df00170.PNG","0"
"116373","https://www.nycgovparks.org/common_images/events/full/55bbd11a01a41.jpg","1"
"153139","https://www.nycgovparks.org/common_images/events/full/5993427b30dc0.jpg","1"
"134149","https://www.nycgovparks.org/common_images/events/full/56f00ec84d426.jpg","1"
"145472","https://www.nycgovparks.org/common_images/events/full/58ebdb4955e30.jpg","1"
"69615","https://www.nycgovparks.org/common_images/events/full/51682d4562a62.JPG","1"
"164350","https://www.nycgovparks.org/common_images/events/full/5ac4dd5050cbe.jpg","1"
"79397","https://www.nycgovparks.org/common_images/events/full/5277fbf99dc4d.jpg","1"
"139207","https://www.nycgovparks.org/common_images/events/full/582dc931cb262.jpg","1"
"175321","https://www.nycgovparks.org/common_images/events/full/5b772c8812b4f.jpg","1"
"94050","https://www.nycgovparks.org/common_images/events/full/537519d8d5698.jpg","0"
"165615","https://www.nycgovparks.org/common_images/events/full/5ae8ace2ecbb0.jpg","1"
"74194","https://www.nycgovparks.org/common_images/events/full/5166e6336343b.jpg","1"
"134516","https://www.nycgovparks.org/common_images/events/full/57a4b4eeb09b1.jpg","1"
"118563","https://www.nycgovparks.org/common_images/events/full/55f31cc205078.png","1"
"99949","https://www.nycgovparks.org/common_images/events/full/53737ae44a20c.jpg","1"
"104481","https://www.nycgovparks.org/common_images/events/full/54ca6156371aa.jpg","1"
"81032","https://www.nycgovparks.org/common_images/events/full/529f4213e26e9.jpg","1"
"173215","https://www.nycgovparks.org/common_images/events/full/5b6b1dd78b7c9.jpg","1"
"122954","https://www.nycgovparks.org/common_images/events/full/56b39ce479a04.jpg","1"
"169216","https://www.nycgovparks.org/common_images/events/full/5b2d714e830f9.jpg","1"
"146691","https://www.nycgovparks.org/common_images/events/full/590a25cb589df.jpg","1"
"151138","https://www.nycgovparks.org/common_images/events/full/595ff5ee68398.png","1"
"132440","https://www.nycgovparks.org/common_images/events/full/57743936ef1a5.jpg","1"
"95656","https://www.nycgovparks.org/common_images/events/full/53a19f30dc34b.jpg","1"
"146037","https://www.nycgovparks.org/common_images/events/full/58f929aa3cd85.jpg","0"
"147889","https://www.nycgovparks.org/common_images/events/full/594935725f161.JPG","1"
"159236","https://www.nycgovparks.org/common_images/events/full/5a6f7d899a685.jpg","1"
"162265","https://www.nycgovparks.org/common_images/events/full/575f1abebf753.jpg","1"
"122536","https://www.nycgovparks.org/common_images/events/full/5696821f5bf5a.jpg","1"
"142981","https://www.nycgovparks.org/common_images/events/full/58c06970c97a6.JPG","1"
"166894","https://www.nycgovparks.org/common_images/events/full/5b05921211862.jpg","1"
"161948","https://www.nycgovparks.org/common_images/events/full/5a8dbe2d836a8.jpg","1"
"108187","https://www.nycgovparks.org/common_images/events/full/5522d53ad96f0.jpg","1"
"161926","https://www.nycgovparks.org/common_images/events/full/5a7dca2bd66e3.jpg","1"
"154956","https://www.nycgovparks.org/common_images/events/full/58daa30d88260.jpg","1"
"107160","https://www.nycgovparks.org/common_images/events/full/551467e37d383.jpg","1"
"127736","https://www.nycgovparks.org/common_images/events/full/573f409f12498.jpg","1"
"131012","https://www.nycgovparks.org/common_images/events/full/5760727d187a4.png","1"
"116880","https://www.nycgovparks.org/common_images/events/full/557b40985853e.jpg","1"
"159920","https://www.nycgovparks.org/common_images/events/full/5a59026345425.jpg","1"
"173418","https://www.nycgovparks.org/common_images/events/full/5b6b1dd78b7c9.jpg","1"
"179066","https://www.nycgovparks.org/common_images/events/full/5835db853eaf0.jpg","1"
"173978","https://www.nycgovparks.org/common_images/events/full/5b6e11d094ef6.jpg","1"
"135746","https://www.nycgovparks.org/common_images/events/full/57bf52fa4b6ac.jpg","1"
"135452","https://www.nycgovparks.org/common_images/events/full/57bf52fa4b6ac.jpg","1"
"141134","https://www.nycgovparks.org/common_images/events/full/5876a38497600.jpg","1"
"155699","https://www.nycgovparks.org/common_images/events/full/58daa3317c06c.jpg","1"
"128436","https://www.nycgovparks.org/common_images/events/full/573c8b564a761.jpg","1"
"141035","https://www.nycgovparks.org/common_images/events/full/5876a33bb3080.jpg","1"
"179333","https://www.nycgovparks.org/common_images/events/full/5be60d5675d5c.jpg","1"
"75648","https://www.nycgovparks.org/common_images/events/full/51d47897ba10c.jpg","1"
"142807","https://www.nycgovparks.org/common_images/events/full/58c051d745185.jpg","1"
"155599","https://www.nycgovparks.org/common_images/events/full/58daa4c73adad.jpg","1"
"168339","https://www.nycgovparks.org/common_images/events/full/5b195d2d8d7f4.jpg","1"
"135463","https://www.nycgovparks.org/common_images/events/full/57bf52fa4b6ac.jpg","1"
"173068","https://www.nycgovparks.org/common_images/events/full/5b6b1898467f6.jpg","1"
"87904","https://www.nycgovparks.org/common_images/events/full/534d7b33aef25.jpg","1"
"143763","https://www.nycgovparks.org/common_images/events/full/58d2aa4c1cc8e.jpg","1"
"172861","https://www.nycgovparks.org/common_images/events/full/5b6b1dd78b7c9.jpg","1"
"156441","https://www.nycgovparks.org/common_images/events/full/59ea52465dac5.jpg","1"
"121591","https://www.nycgovparks.org/common_images/events/full/565e0319f327d.jpg","1"
"104515","https://www.nycgovparks.org/common_images/events/full/54cd2383969ba.jpg","1"
"163304","https://www.nycgovparks.org/common_images/events/full/5a9f110c8bebe.jpg","1"
"138257","https://www.nycgovparks.org/common_images/events/full/57f54b298e67e.jpg","1"
"76718","https://www.nycgovparks.org/common_images/events/full/521e293457ad2.jpg","0"
"154072","https://www.nycgovparks.org/common_images/events/full/59b97c73f0b3e.jpg","1"
"134744","https://www.nycgovparks.org/common_images/events/full/57a4a4d9719b7.jpg","1"
"162903","https://www.nycgovparks.org/common_images/events/full/5a9dac4187a34.jpg","1"
"79389","https://www.nycgovparks.org/common_images/events/full/5277f161afa64.png","1"
"99886","https://www.nycgovparks.org/common_images/events/full/53a848c176dcf.jpg","1"
"72718","https://www.nycgovparks.org/common_images/events/full/518d49096f922.jpg","1"
"129590","https://www.nycgovparks.org/common_images/events/full/5744dcb9e8339.jpg","1"
"172336","https://www.nycgovparks.org/common_images/events/full/5b609540d5614.jpg","1"
"65559","https://www.nycgovparks.org/common_images/events/full/51128630745bc.JPG","1"
"134751","https://www.nycgovparks.org/common_images/events/full/57a4a4d9719b7.jpg","1"
"159533","https://www.nycgovparks.org/common_images/events/full/5a4ba341b918c.jpg","1"
"166404","https://www.nycgovparks.org/common_images/events/full/594305f136f0d.jpg","1"
"141233","https://www.nycgovparks.org/common_images/events/full/5876a4302276d.jpg","1"
"140673","https://www.nycgovparks.org/common_images/events/full/586bca3851854.jpg","1"
"173685","https://www.nycgovparks.org/common_images/events/full/5a81d26d65cf1.jpg","1"
"175668","https://www.nycgovparks.org/common_images/events/full/5b8428d581955.jpg","1"
"152622","https://www.nycgovparks.org/common_images/events/full/5980e01d9f5c5.png","1"
"154940","https://www.nycgovparks.org/common_images/events/full/58daa30d88260.jpg","1"
"136235","https://www.nycgovparks.org/common_images/events/full/57c7046b5df24.jpeg","1"
"155182","https://www.nycgovparks.org/common_images/events/full/58daa38c0d02e.jpg","1"
"99164","https://www.nycgovparks.org/common_images/events/full/53063cd04714f.jpg","1"
"113119","https://www.nycgovparks.org/common_images/events/full/557ee7b698c8a.jpg","1"
"102696","https://www.nycgovparks.org/common_images/events/full/5478e812c1062.jpg","1"
"135323","https://www.nycgovparks.org/common_images/events/full/57bf52fa4b6ac.jpg","1"
"126051","https://www.nycgovparks.org/common_images/events/full/57080296a04a7.jpg","1"
"130965","https://www.nycgovparks.org/common_images/events/full/57606456a3b8f.JPG","1"
"175430","https://www.nycgovparks.org/common_images/events/full/5b7c535d51415.jpg","0"
"152784","https://www.nycgovparks.org/common_images/events/full/570802e3d4ca3.JPG","1"
"136993","https://www.nycgovparks.org/common_images/events/full/57dc4f0495e2f.jpg","1"
"155769","https://www.nycgovparks.org/common_images/events/full/59d2a7e2af1be.jpg","1"
"134338","https://www.nycgovparks.org/common_images/events/full/57a36db9535a3.jpg","1"
"67301","https://www.nycgovparks.org/common_images/events/full/5134ffb4e50c6.JPG","1"
"62640","https://www.nycgovparks.org/common_images/events/full/4e6f9de65ef1f.jpg","1"
"96116","https://www.nycgovparks.org/common_images/events/full/539f45af106a7.jpg","1"
"132300","https://www.nycgovparks.org/common_images/events/full/572a161aa29c2.jpg","1"
"149509","https://www.nycgovparks.org/common_images/events/full/58daa44f36213.jpg","1"
"89390","https://www.nycgovparks.org/common_images/events/full/534fef1ce78da.jpg","1"
"158603","https://www.nycgovparks.org/common_images/events/full/58daa3f846bdb.jpg","1"
"75101","https://www.nycgovparks.org/common_images/events/full/51c8c92cb4edd.jpg","1"
"131069","https://www.nycgovparks.org/common_images/events/full/575b4d4dd72cd.JPG","1"
"132269","https://www.nycgovparks.org/common_images/events/full/572a16c3d755f.jpg","1"
"127437","https://www.nycgovparks.org/common_images/events/full/57755b6aaba5d.jpg","1"
"141626","https://www.nycgovparks.org/common_images/events/full/573238818609b.jpg","1"
"72683","https://www.nycgovparks.org/common_images/events/full/51634824e03ed.jpg","1"
"156982","https://www.nycgovparks.org/common_images/events/full/5a0de9be1b567.jpg","1"
"101063","https://www.nycgovparks.org/common_images/events/full/546f6a6e167c1.jpg","1"
"176301","https://www.nycgovparks.org/common_images/events/full/59c2dd0c5802c.jpg","1"
"178479","https://www.nycgovparks.org/common_images/events/full/5bc89fb011204.jpg","1"
"147273","https://www.nycgovparks.org/common_images/events/full/591f438fbae5b.jpg","1"
"95107","https://www.nycgovparks.org/common_images/events/full/53063cd04714f.jpg","1"
"179146","https://www.nycgovparks.org/common_images/events/full/5bd70ff1b45ad.jpg","0"
"130861","https://www.nycgovparks.org/common_images/events/full/575f1abebf753.jpg","1"
"126781","https://www.nycgovparks.org/common_images/events/full/571694ba12800.JPG","1"
"137603","https://www.nycgovparks.org/common_images/events/full/572a161aa29c2.jpg","1"
"179257","https://www.nycgovparks.org/common_images/events/full/5be486f6ccf9f.jpg","1"
"139251","https://www.nycgovparks.org/common_images/events/full/582dc931cb262.jpg","1"
"141855","https://www.nycgovparks.org/common_images/events/full/575f1abebf753.jpg","1"
"175491","https://www.nycgovparks.org/common_images/events/full/5b7d7b8ea8d06.jpg","1"
"116661","https://www.nycgovparks.org/common_images/events/full/55c3e2c5c3730.JPG","0"
"178853","https://www.nycgovparks.org/common_images/events/full/5835d712e52a1.JPG","1"
"158071","https://www.nycgovparks.org/common_images/events/full/5a295ee137179.jpg","1"
"165739","https://www.nycgovparks.org/common_images/events/full/5ae9d5d44d949.jpg","1"
"166895","https://www.nycgovparks.org/common_images/events/full/5b05921211862.jpg","1"
"113187","https://www.nycgovparks.org/common_images/events/full/558038923ca3c.JPG","1"
"142868","https://www.nycgovparks.org/common_images/events/full/58c056b59d2b3.jpg","1"
"142079","https://www.nycgovparks.org/common_images/events/full/58c6e97828e96.jpg","1"
"115018","https://www.nycgovparks.org/common_images/events/full/559d702c1b3a5.jpg","1"
"95148","https://www.nycgovparks.org/common_images/events/full/530feca70d2c0.jpg","1"
"145672","https://www.nycgovparks.org/common_images/events/full/5727c6e903b5c.jpg","1"
"147630","https://www.nycgovparks.org/common_images/events/full/59270f7b85227.jpg","1"
"140080","https://www.nycgovparks.org/common_images/events/full/573235242afdc.jpg","1"
"162637","https://www.nycgovparks.org/common_images/events/full/5aa96b01e6f1e.JPG","1"
"99261","https://www.nycgovparks.org/common_images/events/full/5405ea56ed0be.jpg","1"
"63552","https://www.nycgovparks.org/common_images/events/full/507864e0a9e9f.jpg","0"
"147405","https://www.nycgovparks.org/common_images/events/full/592238ca05299.JPG","1"
"171537","https://www.nycgovparks.org/common_images/events/full/5b50de49a49df.jpg","1"
"156727","https://www.nycgovparks.org/common_images/events/full/59f23665301eb.jpg","1"
"116648","https://www.nycgovparks.org/common_images/events/full/55c3cbb36df54.jpg","0"
"138508","https://www.nycgovparks.org/common_images/events/full/5804ea045a610.jpeg","1"
"121878","https://www.nycgovparks.org/common_images/events/full/56423e4f3f7a0.jpg","1"
"73301","https://www.nycgovparks.org/common_images/events/full/519fe16385f47.jpg","1"
"128416","https://www.nycgovparks.org/common_images/events/full/573c8b564a761.jpg","1"
"122928","https://www.nycgovparks.org/common_images/events/full/56b39ce479a04.jpg","1"
"99512","https://www.nycgovparks.org/common_images/events/full/5408cd35c7b83.jpg","1"
"141354","https://www.nycgovparks.org/common_images/events/full/5876a4f480ed6.jpg","1"
"108526","https://www.nycgovparks.org/common_images/events/full/5531186d54443.jpg","1"
"139381","https://www.nycgovparks.org/common_images/events/full/5835d712e52a1.JPG","1"
"113716","https://www.nycgovparks.org/common_images/events/full/558ad6cf94f91.jpg","1"
"128899","https://www.nycgovparks.org/common_images/events/full/573c8b564a761.jpg","1"
"150507","https://www.nycgovparks.org/common_images/events/full/59638323cabdc.jpg","1"
"159404","https://www.nycgovparks.org/common_images/events/full/5a6f7e2b96730.jpg","1"
"135469","https://www.nycgovparks.org/common_images/events/full/57bf52fa4b6ac.jpg","1"
"161930","https://www.nycgovparks.org/common_images/events/full/5a7dca2bd66e3.jpg","1"
"172970","https://www.nycgovparks.org/common_images/events/full/5b6b1dd78b7c9.jpg","1"
"93506","https://www.nycgovparks.org/common_images/events/full/53920ce40a1c8.jpg","1"
"106252","https://www.nycgovparks.org/common_images/events/full/5395c8d750ccf.jpg","1"
"122666","https://www.nycgovparks.org/common_images/events/full/56a25808dcacd.jpg","1"
"152910","https://www.nycgovparks.org/common_images/events/full/598a1dc8c9a78.jpg","1"
"157075","https://www.nycgovparks.org/common_images/events/full/5a0c4dd8724f4.jpg","1"
"122549","https://www.nycgovparks.org/common_images/events/full/569683c63c53a.jpg","1"
"167344","https://www.nycgovparks.org/common_images/events/full/5b103091da8d6.jpg","1"
"102473","https://www.nycgovparks.org/common_images/events/full/546d1c092d0ea.jpg","1"
"74167","https://www.nycgovparks.org/common_images/events/full/51ad07b7565e6.jpg","1"
"177585","https://www.nycgovparks.org/common_images/events/full/5bae6f260a52d.jpg","1"
"99469","https://www.nycgovparks.org/common_images/events/full/5408cd35c7b83.jpg","1"
"87843","https://www.nycgovparks.org/common_images/events/full/534d6d3522e94.jpg","1"
"124832","https://www.nycgovparks.org/common_images/events/full/56f1c0679a0b2.JPG","1"
"179266","https://www.nycgovparks.org/common_images/events/full/5be5a7cda6285.png","1"
"143661","https://www.nycgovparks.org/common_images/events/full/58d29b3e7ad1d.jpg","1"
"161451","https://www.nycgovparks.org/common_images/events/full/59caba2bd936e.jpg","1"
"169559","https://www.nycgovparks.org/common_images/events/full/5b3279392fdba.jpg","1"
"147365","https://www.nycgovparks.org/common_images/events/full/591f522826496.jpg","1"
"147415","https://www.nycgovparks.org/common_images/events/full/5922391d3198b.jpg","0"
"76001","https://www.nycgovparks.org/common_images/events/full/51e5913860f24.jpg","1"
"151619","https://www.nycgovparks.org/common_images/events/full/59663c68e8ac9.gif","1"
"145709","https://www.nycgovparks.org/common_images/events/full/590a457e13960.jpg","1"
"101023","https://www.nycgovparks.org/common_images/events/full/542eb34edb013.jpg","1"
"118989","https://www.nycgovparks.org/common_images/events/full/55fc4e908e6cb.jpg","1"
"160101","https://www.nycgovparks.org/common_images/events/full/573238818609b.jpg","1"
"95669","https://www.nycgovparks.org/common_images/events/full/53a1a18f97c76.jpg","1"
"176220","https://www.nycgovparks.org/common_images/events/full/5b89796d6fde0.jpg","1"
"112664","https://www.nycgovparks.org/common_images/events/full/5579e93c1082b.jpg","1"
"122993","https://www.nycgovparks.org/common_images/events/full/56b39ce479a04.jpg","1"
"159113","https://www.nycgovparks.org/common_images/events/full/5a6f72f812091.jpg","1"
"158724","https://www.nycgovparks.org/common_images/events/full/5a6f70b360ed5.jpg","1"
"130919","https://www.nycgovparks.org/common_images/events/full/575977812bcf2.JPG","1"
"158829","https://www.nycgovparks.org/common_images/events/full/5a6f6fe6ed5aa.jpg","1"
"138037","https://www.nycgovparks.org/common_images/events/full/580e6070136f3.JPG","1"
"134189","https://www.nycgovparks.org/common_images/events/full/56f00ec84d426.jpg","1"
"126771","https://www.nycgovparks.org/common_images/events/full/571691c3e07e6.JPG","1"
"149208","https://www.nycgovparks.org/common_images/events/full/58daa366dd267.jpg","1"
"98984","https://www.nycgovparks.org/common_images/events/full/53f4c89758d8e.jpg","1"
"133609","https://www.nycgovparks.org/common_images/events/full/5708015809ab2.JPG","1"
"164661","https://www.nycgovparks.org/common_images/events/full/5acf6fc5c831c.jpg","1"
"142107","https://www.nycgovparks.org/common_images/events/full/58a5ecaaea94c.jpg","1"
"144681","https://www.nycgovparks.org/common_images/events/full/58daa2edbf28e.jpg","1"
"153437","https://www.nycgovparks.org/common_images/events/full/59a0704c4c0c7.jpg","1"
"149813","https://www.nycgovparks.org/common_images/events/full/58daa30d88260.jpg","1"
"174080","https://www.nycgovparks.org/common_images/events/full/5b7197e67eacf.JPG","1"
"158492","https://www.nycgovparks.org/common_images/events/full/5a42bc6ac8854.jpg","1"
"169735","https://www.nycgovparks.org/common_images/events/full/5b33e303138a4.jpg","1"
"152292","https://www.nycgovparks.org/common_images/events/full/597a6a0c3423b.jpg","1"
"149677","https://www.nycgovparks.org/common_images/events/full/58daa4c73adad.jpg","1"
"146988","https://www.nycgovparks.org/common_images/events/full/58d05a5a67417.JPG","1"
"147870","https://www.nycgovparks.org/common_images/events/full/592dcd81d6ac8.jpg","1"
"143218","https://www.nycgovparks.org/common_images/events/full/58c1bfe137b2e.JPG","1"
"110996","https://www.nycgovparks.org/common_images/events/full/555228029ff87.JPG","1"
"134719","https://www.nycgovparks.org/common_images/events/full/575f1abebf753.jpg","1"
"150466","https://www.nycgovparks.org/common_images/events/full/59638323cabdc.jpg","1"
"112286","https://www.nycgovparks.org/common_images/events/full/557081810ddc0.jpg","1"
"141161","https://www.nycgovparks.org/common_images/events/full/5876a3fdef59c.jpg","1"
"157981","https://www.nycgovparks.org/common_images/events/full/5835d712e52a1.JPG","1"
"126080","https://www.nycgovparks.org/common_images/events/full/57080188cc420.jpg","1"
"165623","https://www.nycgovparks.org/common_images/events/full/5ae8ace2ecbb0.jpg","1"
"144080","https://www.nycgovparks.org/common_images/events/full/581b8b1579fc6.jpg","1"
"168943","https://www.nycgovparks.org/common_images/events/full/575f1abebf753.jpg","1"
"173560","https://www.nycgovparks.org/common_images/events/full/5b6b51af36b42.jpg","1"
"76845","https://www.nycgovparks.org/common_images/events/full/5220f2c49a0f3.jpg","1"
"174126","https://www.nycgovparks.org/common_images/events/full/5b7197e67eacf.JPG","1"
"155293","https://www.nycgovparks.org/common_images/events/full/58daa3f846bdb.jpg","1"
"169720","https://www.nycgovparks.org/common_images/events/full/5b33dedad62c3.jpg","1"
"144148","https://www.nycgovparks.org/common_images/events/full/58d94081a82cd.jpg","1"
"121386","https://www.nycgovparks.org/common_images/events/full/560a9559a28cd.jpg","1"
"78493","https://www.nycgovparks.org/common_images/events/full/525422833f271.jpg","1"
"136713","https://www.nycgovparks.org/common_images/events/full/57d1b904d65c6.jpg","1"
"86596","https://www.nycgovparks.org/common_images/events/full/533044d6c90c4.JPG","1"
"130764","https://www.nycgovparks.org/common_images/events/full/575af013da88d.png","0"
"122652","https://www.nycgovparks.org/common_images/events/full/56a10e5235420.jpg","1"
"89541","https://www.nycgovparks.org/common_images/events/full/534d8195c8ec3.JPG","1"
"107770","https://www.nycgovparks.org/common_images/events/full/551c3ca583ca1.jpg","1"
"169918","https://www.nycgovparks.org/common_images/events/full/5b34e222ad44f.JPG","1"
"104127","https://www.nycgovparks.org/common_images/events/full/54b55480939aa.JPG","1"
"99127","https://www.nycgovparks.org/common_images/events/full/538cbe0e4c275.jpg","0"
"141236","https://www.nycgovparks.org/common_images/events/full/5876a4302276d.jpg","1"
"163935","https://www.nycgovparks.org/common_images/events/full/5abe4da6c8e7d.jpg","1"
"66878","https://www.nycgovparks.org/common_images/events/full/5155bf0af2924.jpg","1"
"128333","https://www.nycgovparks.org/common_images/events/full/573c8b564a761.jpg","1"
"168729","https://www.nycgovparks.org/common_images/events/full/5b2414a2c7abb.jpeg","1"
"169532","https://www.nycgovparks.org/common_images/events/full/5a820742d7d6e.jpg","1"
"127286","https://www.nycgovparks.org/common_images/events/full/572a0610ef55d.jpg","1"
"154484","https://www.nycgovparks.org/common_images/events/full/59c5424a7fe85.jpg","1"
"108670","https://www.nycgovparks.org/common_images/events/full/539f45af106a7.jpg","1"
"152918","https://www.nycgovparks.org/common_images/events/full/595165ff33210.jpg","1"
"99884","https://www.nycgovparks.org/common_images/events/full/53a848c176dcf.jpg","1"
"113467","https://www.nycgovparks.org/common_images/events/full/55886d9d8fa4a.jpg","1"
"112891","https://www.nycgovparks.org/common_images/events/full/557ee7b698c8a.jpg","1"
"131123","https://www.nycgovparks.org/common_images/events/full/572a079bbdd43.jpg","1"
"128326","https://www.nycgovparks.org/common_images/events/full/573c8b564a761.jpg","1"
"166718","https://www.nycgovparks.org/common_images/events/full/5afc5839ce928.jpg","1"
"93492","https://www.nycgovparks.org/common_images/events/full/517ff313f1ad4.jpg","1"
"155047","https://www.nycgovparks.org/common_images/events/full/58daa514d21db.jpg","1"
"99495","https://www.nycgovparks.org/common_images/events/full/5408cd35c7b83.jpg","1"
"173381","https://www.nycgovparks.org/common_images/events/full/5b6b1dd78b7c9.jpg","1"
"95543","https://www.nycgovparks.org/common_images/events/full/51827f235fa3d.jpg","1"
"162801","https://www.nycgovparks.org/common_images/events/full/5a9da710dc915.jpg","1"
"126494","https://www.nycgovparks.org/common_images/events/full/57101d2a07d08.jpg","1"
"139554","https://www.nycgovparks.org/common_images/events/full/5835db853eaf0.jpg","1"
"89049","https://www.nycgovparks.org/common_images/events/full/5327482a3015f.png","1"
"163340","https://www.nycgovparks.org/common_images/events/full/5aa05972dc593.jpg","1"
"116305","https://www.nycgovparks.org/common_images/events/full/55b7e9ad2cb8b.jpg","0"
"169179","https://www.nycgovparks.org/common_images/events/full/5af9ee9b08a38.jpg","1"
"62379","https://www.nycgovparks.org/common_images/events/full/4e6f9de65ef1f.jpg","1"
"65123","https://www.nycgovparks.org/common_images/events/full/50dc7c36252ed.jpg","0"
"143453","https://www.nycgovparks.org/common_images/events/full/58f925bc084fa.png","1"
"141195","https://www.nycgovparks.org/common_images/events/full/5876a3d9e9736.jpg","1"
"121695","https://www.nycgovparks.org/common_images/events/full/560969c369158.jpg","1"
"93301","https://www.nycgovparks.org/common_images/events/full/5369302192863.jpg","1"
"157201","https://www.nycgovparks.org/common_images/events/full/573238818609b.jpg","1"
"163597","https://www.nycgovparks.org/common_images/events/full/5aa96b01e6f1e.JPG","1"
"79033","https://www.nycgovparks.org/common_images/events/full/51d7085306175.jpg","1"
"145446","https://www.nycgovparks.org/common_images/events/full/58e52e32df34f.jpg","1"
"173142","https://www.nycgovparks.org/common_images/events/full/5b6b1dd78b7c9.jpg","1"
"141054","https://www.nycgovparks.org/common_images/events/full/5876a35e7addd.jpg","1"
"157078","https://www.nycgovparks.org/common_images/events/full/5a0c92d869f47.jpg","1"
"124563","https://www.nycgovparks.org/common_images/events/full/56f00ec84d426.jpg","1"
"76093","https://www.nycgovparks.org/common_images/events/full/51c0d573e9c20.JPG","1"
"142584","https://www.nycgovparks.org/common_images/events/full/58bc62e2af278.jpg","1"
"115601","https://www.nycgovparks.org/common_images/events/full/55a597cf0a991.jpg","1"
"169757","https://www.nycgovparks.org/common_images/events/full/5b33e5887dff7.jpg","1"
"171863","https://www.nycgovparks.org/common_images/events/full/5b5b6cc3d592b.jpg","1"
"76841","https://www.nycgovparks.org/common_images/events/full/5220f2c49a0f3.jpg","1"
"168903","https://www.nycgovparks.org/common_images/events/full/575f1abebf753.jpg","1"
"98379","https://www.nycgovparks.org/common_images/events/full/53dbd125ce90d.jpg","1"
"64159","https://www.nycgovparks.org/common_images/events/full/4d0b8f9b0dad1.jpg","1"
"170093","https://www.nycgovparks.org/common_images/events/full/5b34f2f996111.jpg","1"
"156570","https://www.nycgovparks.org/common_images/events/full/59f0d6b9a5177.png","1"
"102475","https://www.nycgovparks.org/common_images/events/full/530fede1b969d.jpg","1"
"174032","https://www.nycgovparks.org/common_images/events/full/5b7197e67eacf.JPG","1"
"169555","https://www.nycgovparks.org/common_images/events/full/5b3279392fdba.jpg","1"
"112196","https://www.nycgovparks.org/common_images/events/full/5571aaad76a4a.JPG","0"
"87300","https://www.nycgovparks.org/common_images/events/full/5339a985105b4.jpg","1"
"179033","https://www.nycgovparks.org/common_images/events/full/5835db853eaf0.jpg","1"
"167432","https://www.nycgovparks.org/common_images/events/full/5b22a7e3cd85b.jpg","1"
"85214","https://www.nycgovparks.org/common_images/events/full/530ffb1f28e6f.jpg","1"
"150472","https://www.nycgovparks.org/common_images/events/full/59638323cabdc.jpg","1"
"151605","https://www.nycgovparks.org/common_images/events/full/596530ab62aff.jpg","1"
"126702","https://www.nycgovparks.org/common_images/events/full/5711327e4e172.jpg","1"
"165696","https://www.nycgovparks.org/common_images/events/full/5ae9d5d44d949.jpg","1"
"116782","https://www.nycgovparks.org/common_images/events/full/55ca5fc6e123f.jpg","1"
"63804","https://www.nycgovparks.org/common_images/events/full/4e6f9de65ef1f.jpg","1"
"126918","https://www.nycgovparks.org/common_images/events/full/5717f487e65b3.jpg","1"
"176956","https://www.nycgovparks.org/common_images/events/full/5b6209ad10b04.jpg","1"
"78888","https://www.nycgovparks.org/common_images/events/full/525819588c8b3.jpg","1"
"162094","https://www.nycgovparks.org/common_images/events/full/575f1abebf753.jpg","1"
"96480","https://www.nycgovparks.org/common_images/events/full/53a2edabde28b.jpg","1"
"154988","https://www.nycgovparks.org/common_images/events/full/58daa30d88260.jpg","1"
"140986","https://www.nycgovparks.org/common_images/events/full/5887a49ed2ee0.jpg","1"
"155855","https://www.nycgovparks.org/common_images/events/full/570803bf842f4.JPG","1"
"167495","https://www.nycgovparks.org/common_images/events/full/5bb7d37233efe.png","1"
"87739","https://www.nycgovparks.org/common_images/events/full/534d6d95b3814.jpg","1"
"132512","https://www.nycgovparks.org/common_images/events/full/57752a39cb72e.jpg","1"
"170006","https://www.nycgovparks.org/common_images/events/full/5b34e222ad44f.JPG","1"
"164341","https://www.nycgovparks.org/common_images/events/full/5ac4dba14f451.jpg","1"
"162437","https://www.nycgovparks.org/common_images/events/full/5a8c447a6148b.JPG","1"
"141715","https://www.nycgovparks.org/common_images/events/full/5889250c050f7.jpg","1"
"141823","https://www.nycgovparks.org/common_images/events/full/5889250c050f7.jpg","1"
"86401","https://www.nycgovparks.org/common_images/events/full/5327482a3015f.png","1"
"74709","https://www.nycgovparks.org/common_images/events/full/51c0d573e9c20.JPG","1"
"166303","https://www.nycgovparks.org/common_images/events/full/5af9cf6a70e8b.jpg","1"
"167322","https://www.nycgovparks.org/common_images/events/full/5b102c72c11ed.png","1"
"121923","https://www.nycgovparks.org/common_images/events/full/5679612da0624.jpg","1"
"142709","https://www.nycgovparks.org/common_images/events/full/58bf02c5e5c3c.jpg","1"
"146816","https://www.nycgovparks.org/common_images/events/full/590cdda15dff4.jpg","1"
"141947","https://www.nycgovparks.org/common_images/events/full/58c6e9e67d98c.JPG","1"
"146119","https://www.nycgovparks.org/common_images/events/full/58f92a043936f.jpg","1"
"118932","https://www.nycgovparks.org/common_images/events/full/55fb19517b0a1.jpg","1"
"168034","https://www.nycgovparks.org/common_images/events/full/5bb7d4e3d9354.png","1"
"143422","https://www.nycgovparks.org/common_images/events/full/58f9263a6940b.png","0"
"129765","https://www.nycgovparks.org/common_images/events/full/5745f22f6bec2.jpg","1"
"124373","https://www.nycgovparks.org/common_images/events/full/56e1b61da59fe.jpg","1"
"105256","https://www.nycgovparks.org/common_images/events/full/54f0d48bd4d01.jpg","0"
"151086","https://www.nycgovparks.org/common_images/events/full/595d52f043c03.JPG","1"
"146646","https://www.nycgovparks.org/common_images/events/full/59089b4fc46a1.png","1"
"137411","https://www.nycgovparks.org/common_images/events/full/572a15e8eb87f.jpg","1"
"107408","https://www.nycgovparks.org/common_images/events/full/55199bac73ff4.JPG","1"
"93557","https://www.nycgovparks.org/common_images/events/full/5395c8d750ccf.jpg","1"
"161462","https://www.nycgovparks.org/common_images/events/full/5a81f2c5c66eb.jpg","1"
"142729","https://www.nycgovparks.org/common_images/events/full/58c03c51b2869.jpg","0"
"164187","https://www.nycgovparks.org/common_images/events/full/5a9db25c3c7a1.jpg","1"
"139329","https://www.nycgovparks.org/common_images/events/full/5835ca9a06da0.jpg","1"
"157324","https://www.nycgovparks.org/common_images/events/full/573238818609b.jpg","1"
"150232","https://www.nycgovparks.org/common_images/events/full/5949527b9ce77.jpg","1"
"107871","https://www.nycgovparks.org/common_images/events/full/551c5dcbae1f1.jpg","1"
"131749","https://www.nycgovparks.org/common_images/events/full/576c1fcf8a3a1.JPG","1"
"131258","https://www.nycgovparks.org/common_images/events/full/57644826540cc.jpg","1"
"75064","https://www.nycgovparks.org/common_images/events/full/51c8c92cb4edd.jpg","1"
"140602","https://www.nycgovparks.org/common_images/events/full/5866df4a9418b.jpg","1"
"134986","https://www.nycgovparks.org/common_images/events/full/57b7195092187.jpg","1"
"107800","https://www.nycgovparks.org/common_images/events/full/551c3f440bb02.jpg","1"
"121995","https://www.nycgovparks.org/common_images/events/full/567b155c53d54.png","1"
"137207","https://www.nycgovparks.org/common_images/events/full/57e42c6c9be46.jpg","1"
"162077","https://www.nycgovparks.org/common_images/events/full/575f1abebf753.jpg","1"
"67425","https://www.nycgovparks.org/common_images/events/full/51360fad2696e.jpg","1"
"158245","https://www.nycgovparks.org/common_images/events/full/5a4f8b4d1ab18.jpg","1"
"178517","https://www.nycgovparks.org/common_images/events/full/5bccda083ae6b.png","1"
"93866","https://www.nycgovparks.org/common_images/events/full/5277fbf99dc4d.jpg","1"
"98566","https://www.nycgovparks.org/common_images/events/full/53e298d6d8cea.jpg","1"
"148575","https://www.nycgovparks.org/common_images/events/full/594008e425dcd.jpg","1"
"125379","https://www.nycgovparks.org/common_images/events/full/56f9afcf70210.JPG","1"
"170688","https://www.nycgovparks.org/common_images/events/full/5b34f2f996111.jpg","1"
"147972","https://www.nycgovparks.org/common_images/events/full/592dcd81d6ac8.jpg","1"
"112235","https://www.nycgovparks.org/common_images/events/full/556f6510654c5.jpg","1"
"150451","https://www.nycgovparks.org/common_images/events/full/59638323cabdc.jpg","1"
"148400","https://www.nycgovparks.org/common_images/events/full/59383ab58d3d3.jpg","1"
"144806","https://www.nycgovparks.org/common_images/events/full/5889250c050f7.jpg","1"
"179111","https://www.nycgovparks.org/common_images/events/full/5835db853eaf0.jpg","1"
"170100","https://www.nycgovparks.org/common_images/events/full/5b34f2f996111.jpg","1"
"155284","https://www.nycgovparks.org/common_images/events/full/58daa3f846bdb.jpg","1"
"128497","https://www.nycgovparks.org/common_images/events/full/573c8b564a761.jpg","1"
"149608","https://www.nycgovparks.org/common_images/events/full/58daa493b5021.jpg","1"
"167831","https://www.nycgovparks.org/common_images/events/full/5bb7d23fdee66.png","1"
"78602","https://www.nycgovparks.org/common_images/events/full/528cf4f3d9d3f.jpg","1"
"137405","https://www.nycgovparks.org/common_images/events/full/572a15e8eb87f.jpg","1"
"146815","https://www.nycgovparks.org/common_images/events/full/590cdda15dff4.jpg","1"
"66842","https://www.nycgovparks.org/common_images/events/full/5155bf0af2924.jpg","1"
"157309","https://www.nycgovparks.org/common_images/events/full/573238818609b.jpg","1"
"148652","https://www.nycgovparks.org/common_images/events/full/59405bf6dc699.jpg","1"
"136668","https://www.nycgovparks.org/common_images/events/full/57d18c25611c7.jpg","1"
"99630","https://www.nycgovparks.org/common_images/events/full/5410b0bf550ef.jpg","1"
"169861","https://www.nycgovparks.org/common_images/events/full/5b885c5ebc810.jpg","0"
"113170","https://www.nycgovparks.org/common_images/events/full/558038923ca3c.JPG","1"
"101576","https://www.nycgovparks.org/common_images/events/full/544e7f3cec4e6.jpg","1"
"138760","https://www.nycgovparks.org/common_images/events/full/580a5033c17e9.jpg","1"
"135406","https://www.nycgovparks.org/common_images/events/full/57bf52fa4b6ac.jpg","1"
"111662","https://www.nycgovparks.org/common_images/events/full/5564e353824c0.JPG","1"
"170904","https://www.nycgovparks.org/common_images/events/full/5b3b7845574d4.JPG","1"
"171065","https://www.nycgovparks.org/common_images/events/full/582dc931cb262.jpg","1"
"173773","https://www.nycgovparks.org/common_images/events/full/5b6def4574947.jpg","1"
"159921","https://www.nycgovparks.org/common_images/events/full/5a59026345425.jpg","1"
"121261","https://www.nycgovparks.org/common_images/events/full/564b65bb8a171.JPG","1"
"114829","https://www.nycgovparks.org/common_images/events/full/559c28fda1c0f.jpg","1"
"63561","https://www.nycgovparks.org/common_images/events/full/507864e0a9e9f.jpg","0"
"114144","https://www.nycgovparks.org/common_images/events/full/55916ef42ce87.jpg","1"
"137607","https://www.nycgovparks.org/common_images/events/full/572a161aa29c2.jpg","1"
"121208","https://www.nycgovparks.org/common_images/events/full/56461624a29b8.JPG","0"
"161804","https://www.nycgovparks.org/common_images/events/full/5a8dbfaa24431.JPG","1"
"139224","https://www.nycgovparks.org/common_images/events/full/582dc931cb262.jpg","1"
"93486","https://www.nycgovparks.org/common_images/events/full/517ff313f1ad4.jpg","1"
"176947","https://www.nycgovparks.org/common_images/events/full/5b6209ad10b04.jpg","1"
"67681","https://www.nycgovparks.org/common_images/events/full/51420073ab7ef.png","1"
"99080","https://www.nycgovparks.org/common_images/events/full/538cbde512b41.jpg","0"
"177399","https://www.nycgovparks.org/common_images/events/full/5babce671d4f9.jpg","1"
"162541","https://www.nycgovparks.org/common_images/events/full/5a8ed9a8aacea.jpg","1"
"78468","https://www.nycgovparks.org/common_images/events/full/524f2d3a3dac9.jpg","1"
"162627","https://www.nycgovparks.org/common_images/events/full/5aa96b01e6f1e.JPG","1"
"144341","https://www.nycgovparks.org/common_images/events/full/58daa366dd267.jpg","1"
"80989","https://www.nycgovparks.org/common_images/events/full/529f4213e26e9.jpg","1"
"112189","https://www.nycgovparks.org/common_images/events/full/556e25d4c338b.jpg","1"
"105860","https://www.nycgovparks.org/common_images/events/full/5395c8d750ccf.jpg","1"
"155277","https://www.nycgovparks.org/common_images/events/full/58daa3f846bdb.jpg","1"
"142977","https://www.nycgovparks.org/common_images/events/full/58c06970c97a6.JPG","1"
"140984","https://www.nycgovparks.org/common_images/events/full/5887a49ed2ee0.jpg","1"
"62299","https://www.nycgovparks.org/common_images/events/full/503e3706e5eac.jpg","1"
"149548","https://www.nycgovparks.org/common_images/events/full/58daa44f36213.jpg","1"
"130672","https://www.nycgovparks.org/common_images/events/full/573c8b564a761.jpg","1"
"158670","https://www.nycgovparks.org/common_images/events/full/58daa422a8c80.jpg","1"
"142069","https://www.nycgovparks.org/common_images/events/full/58a4c1a7b46bd.jpg","0"
"133894","https://www.nycgovparks.org/common_images/events/full/5796734bbaa95.png","1"
"160644","https://www.nycgovparks.org/common_images/events/full/5a6f7ee8bce18.jpg","1"
"67796","https://www.nycgovparks.org/common_images/events/full/5142091d83ccc.png","1"
"105325","https://www.nycgovparks.org/common_images/events/full/54f5ec40df75d.jpg","1"
"144804","https://www.nycgovparks.org/common_images/events/full/5889250c050f7.jpg","1"
"170196","https://www.nycgovparks.org/common_images/events/full/5b354e6401bec.jpg","1"
"113432","https://www.nycgovparks.org/common_images/events/full/557b43cca7060.jpg","1"
"148623","https://www.nycgovparks.org/common_images/events/full/59405bf6dc699.jpg","1"
"166918","https://www.nycgovparks.org/common_images/events/full/5b06d162dcfb5.jpg","1"
"145551","https://www.nycgovparks.org/common_images/events/full/58f67d84ccfe4.JPG","1"
"117425","https://www.nycgovparks.org/common_images/events/full/5579a9b9eb700.jpg","1"
"66706","https://www.nycgovparks.org/common_images/events/full/5155bf0af2924.jpg","1"
"107802","https://www.nycgovparks.org/common_images/events/full/551c3f440bb02.jpg","1"
"172674","https://www.nycgovparks.org/common_images/events/full/5b6b1898467f6.jpg","1"
"167382","https://www.nycgovparks.org/common_images/events/full/5b1040e425388.jpg","1"
"150128","https://www.nycgovparks.org/common_images/events/full/5947f17e651b7.jpg","1"
"139376","https://www.nycgovparks.org/common_images/events/full/5835d712e52a1.JPG","1"
"78822","https://www.nycgovparks.org/common_images/events/full/5255b225eab02.jpg","1"
"174312","https://www.nycgovparks.org/common_images/events/full/5b72fd86de2cd.jpg","1"
"139583","https://www.nycgovparks.org/common_images/events/full/5835db853eaf0.jpg","1"
"121511","https://www.nycgovparks.org/common_images/events/full/565ddfe39e5df.JPG","1"
"157908","https://www.nycgovparks.org/common_images/events/full/5835db853eaf0.jpg","1"
"70032","https://www.nycgovparks.org/common_images/events/full/516c500343305.jpg","1"
"138489","https://www.nycgovparks.org/common_images/events/full/5804dce10fe12.jpg","1"
"96877","https://www.nycgovparks.org/common_images/events/full/53a9c7958f754.jpg","1"
"156058","https://www.nycgovparks.org/common_images/events/full/59c2d35aaf276.jpg","1"
"148123","https://www.nycgovparks.org/common_images/events/full/5935748febf61.jpg","1"
"173174","https://www.nycgovparks.org/common_images/events/full/5b6b1dd78b7c9.jpg","1"
"112586","https://www.nycgovparks.org/common_images/events/full/5579a9b9eb700.jpg","1"
"138553","https://www.nycgovparks.org/common_images/events/full/575f1abebf753.jpg","1"
"108733","https://www.nycgovparks.org/common_images/events/full/55316a4e7ba86.jpg","1"
"104097","https://www.nycgovparks.org/common_images/events/full/54b55480939aa.JPG","1"
"174400","https://www.nycgovparks.org/common_images/events/full/5b72fd86de2cd.jpg","1"
"146365","https://www.nycgovparks.org/common_images/events/full/58f4f0500a9f6.jpg","1"
"108924","https://www.nycgovparks.org/common_images/events/full/553526dd9d9c9.jpg","1"
"162834","https://www.nycgovparks.org/common_images/events/full/5a9da8a928660.jpg","1"
"149205","https://www.nycgovparks.org/common_images/events/full/58daa366dd267.jpg","1"
"107820","https://www.nycgovparks.org/common_images/events/full/551c40306ac5e.jpg","1"
"141967","https://www.nycgovparks.org/common_images/events/full/589cae3f380c5.jpg","1"
"143331","https://www.nycgovparks.org/common_images/events/full/58c16c5e6a059.JPG","1"
"106553","https://www.nycgovparks.org/common_images/events/full/5510859bb8ac5.jpg","1"
"172935","https://www.nycgovparks.org/common_images/events/full/5b6b1dd78b7c9.jpg","1"
"62282","https://www.nycgovparks.org/common_images/events/full/50a5351b17e5d.gif","1"
"170086","https://www.nycgovparks.org/common_images/events/full/5b34f2f996111.jpg","1"
"108326","https://www.nycgovparks.org/common_images/events/full/552d22b9b8f61.jpg","1"
"114276","https://www.nycgovparks.org/common_images/events/full/5591a2b96e22b.jpg","1"
"114871","https://www.nycgovparks.org/common_images/events/full/559d33cf5825e.jpg","1"
"146901","https://www.nycgovparks.org/common_images/events/full/591082899e397.jpg","1"
"165762","https://www.nycgovparks.org/common_images/events/full/5ae9d5d44d949.jpg","1"
"173129","https://www.nycgovparks.org/common_images/events/full/5b6b1dd78b7c9.jpg","1"
"102582","https://www.nycgovparks.org/common_images/events/full/5476342bc91cf.jpg","1"
"177036","https://www.nycgovparks.org/common_images/events/full/5b6209ad10b04.jpg","1"
"77304","https://www.nycgovparks.org/common_images/events/full/5238b3e429edd.jpg","1"
"155790","https://www.nycgovparks.org/common_images/events/full/575f1abebf753.jpg","1"
"128820","https://www.nycgovparks.org/common_images/events/full/573c8b564a761.jpg","1"
"147798","https://www.nycgovparks.org/common_images/events/full/5929990d4621d.jpg","1"
"98815","https://www.nycgovparks.org/common_images/events/full/53f2574a43c64.jpg","1"
"129246","https://www.nycgovparks.org/common_images/events/full/57447b13660ef.jpeg","1"
"156617","https://www.nycgovparks.org/common_images/events/full/59f0f6cadfa8b.jpg","1"
"62380","https://www.nycgovparks.org/common_images/events/full/4e6f9de65ef1f.jpg","1"
"113058","https://www.nycgovparks.org/common_images/events/full/557ee7b698c8a.jpg","1"
"153388","https://www.nycgovparks.org/common_images/events/full/58ebf4930d27f.jpg","1"
"139413","https://www.nycgovparks.org/common_images/events/full/5835d712e52a1.JPG","1"
"113566","https://www.nycgovparks.org/common_images/events/full/558871b124b82.jpg","1"
"162117","https://www.nycgovparks.org/common_images/events/full/575f1abebf753.jpg","1"
"169549","https://www.nycgovparks.org/common_images/events/full/5b3275e12a0e8.jpg","1"
"173496","https://www.nycgovparks.org/common_images/events/full/5b6b1dd78b7c9.jpg","1"
"124599","https://www.nycgovparks.org/common_images/events/full/56f00ec84d426.jpg","1"
"167476","https://www.nycgovparks.org/common_images/events/full/5bb7cc41e8e6f.png","1"
"135554","https://www.nycgovparks.org/common_images/events/full/57bf52fa4b6ac.jpg","1"
"160840","https://www.nycgovparks.org/common_images/events/full/593e9fe86de25.jpg","1"
"157924","https://www.nycgovparks.org/common_images/events/full/5835db853eaf0.jpg","1"
"157747","https://www.nycgovparks.org/common_images/events/full/5835db853eaf0.jpg","1"
"110932","https://www.nycgovparks.org/common_images/events/full/5550d41e8da13.jpg","0"
"100016","https://www.nycgovparks.org/common_images/events/full/54219b1ea2045.JPG","1"
"122956","https://www.nycgovparks.org/common_images/events/full/56b39ce479a04.jpg","1"
"138949","https://www.nycgovparks.org/common_images/events/full/581b8b1579fc6.jpg","1"
"129279","https://www.nycgovparks.org/common_images/events/full/57448b2fb4798.jpg","1"
"69256","https://www.nycgovparks.org/common_images/events/full/516344b163619.jpg","1"
"152745","https://www.nycgovparks.org/common_images/events/full/5983aaaf50239.jpg","1"
"113124","https://www.nycgovparks.org/common_images/events/full/557ee7b698c8a.jpg","1"
"95387","https://www.nycgovparks.org/common_images/events/full/538f683ebbb52.jpg","1"
"69367","https://www.nycgovparks.org/common_images/events/full/516344b163619.jpg","1"
"110840","https://www.nycgovparks.org/common_images/events/full/554a70380a123.jpg","1"
"113109","https://www.nycgovparks.org/common_images/events/full/557ee7b698c8a.jpg","1"
"143448","https://www.nycgovparks.org/common_images/events/full/58f9263a6940b.png","0"
"87286","https://www.nycgovparks.org/common_images/events/full/5339a985105b4.jpg","1"
"172809","https://www.nycgovparks.org/common_images/events/full/5b6b1dd78b7c9.jpg","1"
"74229","https://www.nycgovparks.org/common_images/events/full/5163470fe9ca2.png","1"
"152671","https://www.nycgovparks.org/common_images/events/full/593971deb3c70.jpg","1"
"154882","https://www.nycgovparks.org/common_images/events/full/58daa2edbf28e.jpg","1"
"172237","https://www.nycgovparks.org/common_images/events/full/5b609152445a4.jpg","1"
"147612","https://www.nycgovparks.org/common_images/events/full/59270bea943a2.jpg","1"
"168562","https://www.nycgovparks.org/common_images/events/full/5b2003df551fe.jpg","1"
"153836","https://www.nycgovparks.org/common_images/events/full/59a9a8a4f2d96.jpg","1"
"163865","https://www.nycgovparks.org/common_images/events/full/5ab55c5138eac.jpg","1"
"175619","https://www.nycgovparks.org/common_images/events/full/5b816d667374f.jpg","1"
"78254","https://www.nycgovparks.org/common_images/events/full/51d70601d1d92.jpg","1"
"65500","https://www.nycgovparks.org/common_images/events/full/510199a071f39.jpg","1"
"137316","https://www.nycgovparks.org/common_images/events/full/572a15bfb9157.jpg","1"
"157326","https://www.nycgovparks.org/common_images/events/full/573238818609b.jpg","1"
"125767","https://www.nycgovparks.org/common_images/events/full/5702804ae905e.jpeg","1"
"148336","https://www.nycgovparks.org/common_images/events/full/593816fe3d909.jpg","1"
"156541","https://www.nycgovparks.org/common_images/events/full/59f0d6b9a5177.png","1"
"87196","https://www.nycgovparks.org/common_images/events/full/545b9c23a4fbe.jpg","1"
"123999","https://www.nycgovparks.org/common_images/events/full/56d46d2bf2185.jpg","1"
"93634","https://www.nycgovparks.org/common_images/events/full/51827f235fa3d.jpg","1"
"162649","https://www.nycgovparks.org/common_images/events/full/5aa96a70a62df.JPG","1"
"143035","https://www.nycgovparks.org/common_images/events/full/58c073f903434.JPG","0"
"134111","https://www.nycgovparks.org/common_images/events/full/579b69ff60c51.jpg","1"
"165170","https://www.nycgovparks.org/common_images/events/full/5ada3a29a88ea.jpg","1"
"134849","https://www.nycgovparks.org/common_images/events/full/57b2319e0493f.jpg","1"
"87981","https://www.nycgovparks.org/common_images/events/full/534430260d5d0.jpg","1"
"112738","https://www.nycgovparks.org/common_images/events/full/5579f01474d38.jpg","1"
"159216","https://www.nycgovparks.org/common_images/events/full/5a6f755812c10.jpg","1"
"68435","https://www.nycgovparks.org/common_images/events/full/515497d535454.jpg","0"
"87914","https://www.nycgovparks.org/common_images/events/full/534d6c8aaf20a.jpg","1"
"149125","https://www.nycgovparks.org/common_images/events/full/58daa3317c06c.jpg","1"
"172658","https://www.nycgovparks.org/common_images/events/full/5b6b1898467f6.jpg","1"
"140561","https://www.nycgovparks.org/common_images/events/full/58597a4945cc2.jpg","1"
"63848","https://www.nycgovparks.org/common_images/events/full/4e6f9de65ef1f.jpg","1"
"140886","https://www.nycgovparks.org/common_images/events/full/582dc931cb262.jpg","1"
"87757","https://www.nycgovparks.org/common_images/events/full/534d653971bd7.jpg","1"
"89329","https://www.nycgovparks.org/common_images/events/full/534fef1ce78da.jpg","1"
"167892","https://www.nycgovparks.org/common_images/events/full/5bb7d48b98ab0.png","1"
"99074","https://www.nycgovparks.org/common_images/events/full/530feca70d2c0.jpg","1"
"132294","https://www.nycgovparks.org/common_images/events/full/572a161aa29c2.jpg","1"
"134493","https://www.nycgovparks.org/common_images/events/full/57a4a4aeb43a8.jpg","1"
"134602","https://www.nycgovparks.org/common_images/events/full/5707fe79def37.JPG","1"
"140013","https://www.nycgovparks.org/common_images/events/full/573238818609b.jpg","1"
"153975","https://www.nycgovparks.org/common_images/events/full/59b69397b09d8.jpg","1"
"146848","https://www.nycgovparks.org/common_images/events/full/590cde5f811f3.jpg","1"
"165996","https://www.nycgovparks.org/common_images/events/full/5aeca8a73dca6.jpg","1"
"172755","https://www.nycgovparks.org/common_images/events/full/5b6b1dd78b7c9.jpg","1"
"152845","https://www.nycgovparks.org/common_images/events/full/5989ef83aa4a1.jpg","1"
"139214","https://www.nycgovparks.org/common_images/events/full/582dc931cb262.jpg","1"
"144870","https://www.nycgovparks.org/common_images/events/full/58dfa4be0378d.jpg","1"
"114853","https://www.nycgovparks.org/common_images/events/full/559c4266347ca.jpg","1"
"152615","https://www.nycgovparks.org/common_images/events/full/59809ccdca616.jpg","1"
"142632","https://www.nycgovparks.org/common_images/events/full/58bc62e2af278.jpg","1"
"152629","https://www.nycgovparks.org/common_images/events/full/5980e95b324b8.jpg","1"
"178304","https://www.nycgovparks.org/common_images/events/full/5bb67ded92f39.JPG","1"
"148320","https://www.nycgovparks.org/common_images/events/full/593703ba1b560.jpg","1"
"89532","https://www.nycgovparks.org/common_images/events/full/535059c65e73f.jpg","1"
"145407","https://www.nycgovparks.org/common_images/events/full/58e7f61b46f7c.jpg","1"
"136912","https://www.nycgovparks.org/common_images/events/full/57dc460e378ab.jpg","1"
"147186","https://www.nycgovparks.org/common_images/events/full/59148e2f3d9d1.JPG","1"
"161722","https://www.nycgovparks.org/common_images/events/full/5a8dc04746981.JPG","1"
"173084","https://www.nycgovparks.org/common_images/events/full/5b6b1dd78b7c9.jpg","1"
"178697","https://www.nycgovparks.org/common_images/events/full/5b6df01d352d1.jpg","1"
"112440","https://www.nycgovparks.org/common_images/events/full/5571ee5f5b371.jpg","1"
"136028","https://www.nycgovparks.org/common_images/events/full/57c48baaf0c83.jpg","1"
"167671","https://www.nycgovparks.org/common_images/events/full/5bb7d4009e144.png","1"
"161440","https://www.nycgovparks.org/common_images/events/full/59caba2bd936e.jpg","1"
"140679","https://www.nycgovparks.org/common_images/events/full/586bca3851854.jpg","1"
"123194","https://www.nycgovparks.org/common_images/events/full/56bb8530e2b9a.jpg","1"
"141047","https://www.nycgovparks.org/common_images/events/full/5876a35e7addd.jpg","1"
"170732","https://www.nycgovparks.org/common_images/events/full/5b3b7993b5c06.JPG","1"
"95238","https://www.nycgovparks.org/common_images/events/full/5395c57eaabbb.jpg","1"
"104782","https://www.nycgovparks.org/common_images/events/full/54ca6156371aa.jpg","1"
"172928","https://www.nycgovparks.org/common_images/events/full/5b6b1dd78b7c9.jpg","1"
"151622","https://www.nycgovparks.org/common_images/events/full/59663faeb1d6f.jpg","1"
"116321","https://www.nycgovparks.org/common_images/events/full/55b6b14f4149c.JPG","0"
"125883","https://www.nycgovparks.org/common_images/events/full/5705487f01a7e.jpg","1"
"163445","https://www.nycgovparks.org/common_images/events/full/5aa69eff9f1c8.jpg","1"
"173456","https://www.nycgovparks.org/common_images/events/full/5b6b1dd78b7c9.jpg","1"
"136553","https://www.nycgovparks.org/common_images/events/full/57d085219eea8.JPG","1"
"95459","https://www.nycgovparks.org/common_images/events/full/51827f235fa3d.jpg","1"
"118246","https://www.nycgovparks.org/common_images/events/full/55e8582181817.jpg","1"
"120208","https://www.nycgovparks.org/common_images/events/full/560a9559a28cd.jpg","1"
"145386","https://www.nycgovparks.org/common_images/events/full/58fe550d11859.jpg","1"
"87928","https://www.nycgovparks.org/common_images/events/full/534d798f8788b.jpg","1"
"119214","https://www.nycgovparks.org/common_images/events/full/55fc6298c4b08.jpg","1"
"80517","https://www.nycgovparks.org/common_images/events/full/52af3bfe6741a.jpg","1"
"141897","https://www.nycgovparks.org/common_images/events/full/5707fe79def37.JPG","1"
"131561","https://www.nycgovparks.org/common_images/events/full/576ab09d6cd6a.jpg","1"
"87846","https://www.nycgovparks.org/common_images/events/full/534d6d45edd43.jpg","0"
"172493","https://www.nycgovparks.org/common_images/events/full/5b71b8d3aa01a.jpg","1"
"108605","https://www.nycgovparks.org/common_images/events/full/539f45af106a7.jpg","1"
"114808","https://www.nycgovparks.org/common_images/events/full/559c28fda1c0f.jpg","1"
"96738","https://www.nycgovparks.org/common_images/events/full/53a848c176dcf.jpg","1"
"159492","https://www.nycgovparks.org/common_images/events/full/5a6f781631ead.jpg","1"
"171747","https://www.nycgovparks.org/common_images/events/full/5b5b42cdd91c9.jpg","1"
"170177","https://www.nycgovparks.org/common_images/events/full/5b35478b22904.jpg","1"
"114280","https://www.nycgovparks.org/common_images/events/full/5591a2b96e22b.jpg","1"
"166786","https://www.nycgovparks.org/common_images/events/full/5ade5944a4e37.jpg","0"
"123833","https://www.nycgovparks.org/common_images/events/full/56c760d022841.jpg","1"
"173434","https://www.nycgovparks.org/common_images/events/full/5b6b1dd78b7c9.jpg","1"
"125285","https://www.nycgovparks.org/common_images/events/full/5395c8d750ccf.jpg","1"
"177724","https://www.nycgovparks.org/common_images/events/full/5b5b704b7e426.jpg","1"
"139897","https://www.nycgovparks.org/common_images/events/full/57323457cdf51.jpg","1"
"63548","https://www.nycgovparks.org/common_images/events/full/507864d670c63.jpg","1"
"147130","https://www.nycgovparks.org/common_images/events/full/5919e9aea5bac.jpg","1"
"169002","https://www.nycgovparks.org/common_images/events/full/5b29d5675251b.jpg","1"
"130988","https://www.nycgovparks.org/common_images/events/full/57606f3b9dba6.png","1"
"154989","https://www.nycgovparks.org/common_images/events/full/58daa30d88260.jpg","1"
"159340","https://www.nycgovparks.org/common_images/events/full/5a6f7e2b96730.jpg","1"
"136338","https://www.nycgovparks.org/common_images/events/full/57c883aaa3c27.jpg","1"
"167866","https://www.nycgovparks.org/common_images/events/full/5bb7d23fdee66.png","1"
"162494","https://www.nycgovparks.org/common_images/events/full/5a8c52e83aa87.JPG","1"
"131043","https://www.nycgovparks.org/common_images/events/full/5761943908b6d.jpg","1"
"87656","https://www.nycgovparks.org/common_images/events/full/534d76499ca57.jpg","1"
"95220","https://www.nycgovparks.org/common_images/events/full/538de24ada7b0.jpg","1"
"155562","https://www.nycgovparks.org/common_images/events/full/58daa493b5021.jpg","1"
"134176","https://www.nycgovparks.org/common_images/events/full/56f00ec84d426.jpg","1"
"84488","https://www.nycgovparks.org/common_images/events/full/52fd2ae9dd9fd.jpg","1"
"132515","https://www.nycgovparks.org/common_images/events/full/577528b42a899.jpg","1"
"99718","https://www.nycgovparks.org/common_images/events/full/541859555db95.jpg","1"
"114368","https://www.nycgovparks.org/common_images/events/full/5591a2b96e22b.jpg","1"
"164487","https://www.nycgovparks.org/common_images/events/full/593e9fe86de25.jpg","1"
"87650","https://www.nycgovparks.org/common_images/events/full/534d76499ca57.jpg","1"
"63559","https://www.nycgovparks.org/common_images/events/full/507864d670c63.jpg","1"
"92791","https://www.nycgovparks.org/common_images/events/full/535aa6aeb2453.jpg","1"
"76607","https://www.nycgovparks.org/common_images/events/full/521671b5e9e1a.jpg","1"
"125995","https://www.nycgovparks.org/common_images/events/full/5707fdbcd2ffa.JPG","1"
"114840","https://www.nycgovparks.org/common_images/events/full/559c34049f15b.jpg","1"
"122994","https://www.nycgovparks.org/common_images/events/full/56b39ce479a04.jpg","1"
"149769","https://www.nycgovparks.org/common_images/events/full/58daa30d88260.jpg","1"
"127973","https://www.nycgovparks.org/common_images/events/full/57362ea5d20d1.jpg","1"
"166460","https://www.nycgovparks.org/common_images/events/full/5942fc9909731.jpg","1"
"75392","https://www.nycgovparks.org/common_images/events/full/51cb41b5a5eac.jpg","1"
"75747","https://www.nycgovparks.org/common_images/events/full/51d7130f2fa37.jpg","1"
"165965","https://www.nycgovparks.org/common_images/events/full/5aeb7cf950380.png","1"
"95171","https://www.nycgovparks.org/common_images/events/full/530feca70d2c0.jpg","1"
"74010","https://www.nycgovparks.org/common_images/events/full/51ad054110f20.jpg","1"
"102449","https://www.nycgovparks.org/common_images/events/full/546cfae71f144.jpg","1"
"156936","https://www.nycgovparks.org/common_images/events/full/5a0f387568c46.jpg","1"
"147652","https://www.nycgovparks.org/common_images/events/full/592711f71e636.jpg","1"
"127827","https://www.nycgovparks.org/common_images/events/full/573237327a4db.jpg","1"
"141344","https://www.nycgovparks.org/common_images/events/full/5876a4b55a5cb.jpg","1"
"120946","https://www.nycgovparks.org/common_images/events/full/562918ddf08ac.jpg","0"
"80898","https://www.nycgovparks.org/common_images/events/full/52c723ca927b3.png","1"
"154391","https://www.nycgovparks.org/common_images/events/full/59c2d35aaf276.jpg","1"
"177835","https://www.nycgovparks.org/common_images/events/full/5b5613d8e92fd.jpg","1"
"122338","https://www.nycgovparks.org/common_images/events/full/568408f2e228d.jpg","1"
"68016","https://www.nycgovparks.org/common_images/events/full/515065cab5152.jpg","1"
"72095","https://www.nycgovparks.org/common_images/events/full/518a925806fbe.jpg","0"
"125919","https://www.nycgovparks.org/common_images/events/full/57069918a250b.jpeg","1"
"108559","https://www.nycgovparks.org/common_images/events/full/539f45af106a7.jpg","1"
"149383","https://www.nycgovparks.org/common_images/events/full/58daa3f846bdb.jpg","1"
"156144","https://www.nycgovparks.org/common_images/events/full/595ff5ee68398.png","1"
"127817","https://www.nycgovparks.org/common_images/events/full/573235c594bc8.jpg","1"
"98535","https://www.nycgovparks.org/common_images/events/full/53e296656791f.jpg","1"
"174017","https://www.nycgovparks.org/common_images/events/full/5b7197e67eacf.JPG","1"
"112726","https://www.nycgovparks.org/common_images/events/full/5579f01474d38.jpg","1"
"63615","https://www.nycgovparks.org/common_images/events/full/507864d670c63.jpg","1"
"66166","https://www.nycgovparks.org/common_images/events/full/511bb82a307e4.jpg","1"
"158052","https://www.nycgovparks.org/common_images/events/full/5835d712e52a1.JPG","1"
"177607","https://www.nycgovparks.org/common_images/events/full/5bae6f260a52d.jpg","1"
"138244","https://www.nycgovparks.org/common_images/events/full/57f522126c112.jpeg","1"
"172163","https://www.nycgovparks.org/common_images/events/full/5b6209ad10b04.jpg","1"
"87839","https://www.nycgovparks.org/common_images/events/full/534d6d3522e94.jpg","1"
"166014","https://www.nycgovparks.org/common_images/events/full/5aecad1bd8906.jpg","1"
"124558","https://www.nycgovparks.org/common_images/events/full/56f00ec84d426.jpg","1"
"167952","https://www.nycgovparks.org/common_images/events/full/5bb7d30722f8a.png","1"
"138423","https://www.nycgovparks.org/common_images/events/full/57fe4223877eb.jpg","1"
"126324","https://www.nycgovparks.org/common_images/events/full/570d3ed723635.jpg","1"
"144283","https://www.nycgovparks.org/common_images/events/full/58daa4c73adad.jpg","1"
"153899","https://www.nycgovparks.org/common_images/events/full/59b0249699fb4.jpg","1"
"140126","https://www.nycgovparks.org/common_images/events/full/573235c594bc8.jpg","1"
"165948","https://www.nycgovparks.org/common_images/events/full/5aeb7a4cb1dbd.JPG","1"
"173486","https://www.nycgovparks.org/common_images/events/full/5b6b1dd78b7c9.jpg","1"
"128524","https://www.nycgovparks.org/common_images/events/full/573c8b564a761.jpg","1"
"164387","https://www.nycgovparks.org/common_images/events/full/5ac4e1c4a664e.jpg","1"
"98106","https://www.nycgovparks.org/common_images/events/full/5395c8d750ccf.jpg","1"
"147001","https://www.nycgovparks.org/common_images/events/full/59148e3c7bd32.png","0"
"155275","https://www.nycgovparks.org/common_images/events/full/58daa3f846bdb.jpg","1"
"149839","https://www.nycgovparks.org/common_images/events/full/58daa30d88260.jpg","1"
"86406","https://www.nycgovparks.org/common_images/events/full/5327482a3015f.png","1"
"89580","https://www.nycgovparks.org/common_images/events/full/5351860bdbc4f.jpeg","1"
"173390","https://www.nycgovparks.org/common_images/events/full/5b6b1dd78b7c9.jpg","1"
"87197","https://www.nycgovparks.org/common_images/events/full/545b9c23a4fbe.jpg","1"
"93150","https://www.nycgovparks.org/common_images/events/full/5363f09e887bf.jpg","1"
"98583","https://www.nycgovparks.org/common_images/events/full/53e3bd32b4464.jpg","1"
"172399","https://www.nycgovparks.org/common_images/events/full/5b62640d8b78c.jpg","1"
"104522","https://www.nycgovparks.org/common_images/events/full/54e38339e6c2f.JPG","1"
"166641","https://www.nycgovparks.org/common_images/events/full/5afdf3518d457.jpg","1"
"160641","https://www.nycgovparks.org/common_images/events/full/5a6f7ee8bce18.jpg","1"
"149825","https://www.nycgovparks.org/common_images/events/full/58daa30d88260.jpg","1"
"168213","https://www.nycgovparks.org/common_images/events/full/5b154ad4b38a2.jpg","1"
"99576","https://www.nycgovparks.org/common_images/events/full/530ffb1f28e6f.jpg","1"
"125146","https://www.nycgovparks.org/common_images/events/full/5395c8d750ccf.jpg","1"
"145496","https://www.nycgovparks.org/common_images/events/full/58ebf4930d27f.jpg","1"
"66089","https://www.nycgovparks.org/common_images/events/full/511bb82a307e4.jpg","1"
"119110","https://www.nycgovparks.org/common_images/events/full/55fc4f87442a0.jpg","1"
"66097","https://www.nycgovparks.org/common_images/events/full/511bb82a307e4.jpg","1"
"105750","https://www.nycgovparks.org/common_images/events/full/5500561ae36a6.jpg","1"
"161604","https://www.nycgovparks.org/common_images/events/full/5a7cb441620f7.JPG","1"
"128067","https://www.nycgovparks.org/common_images/events/full/5739d0538e101.jpg","1"
"157966","https://www.nycgovparks.org/common_images/events/full/5835d712e52a1.JPG","1"
"130917","https://www.nycgovparks.org/common_images/events/full/575977812bcf2.JPG","1"
"156078","https://www.nycgovparks.org/common_images/events/full/59dd24ebc23c5.jpg","1"
"173686","https://www.nycgovparks.org/common_images/events/full/5a81d26d65cf1.jpg","1"
"157237","https://www.nycgovparks.org/common_images/events/full/573238818609b.jpg","1"
"158579","https://www.nycgovparks.org/common_images/events/full/58daa3f846bdb.jpg","1"
"85213","https://www.nycgovparks.org/common_images/events/full/530ffb1f28e6f.jpg","1"
"164416","https://www.nycgovparks.org/common_images/events/full/5ac4e366326b5.jpg","1"
"99435","https://www.nycgovparks.org/common_images/events/full/5408cd35c7b83.jpg","1"
"96015","https://www.nycgovparks.org/common_images/events/full/539f45af106a7.jpg","1"
"116632","https://www.nycgovparks.org/common_images/events/full/55c361b580b34.jpg","1"
"155412","https://www.nycgovparks.org/common_images/events/full/58daa422a8c80.jpg","1"
"89079","https://www.nycgovparks.org/common_images/events/full/51634824e03ed.jpg","1"
"123258","https://www.nycgovparks.org/common_images/events/full/56423e4f3f7a0.jpg","1"
"163189","https://www.nycgovparks.org/common_images/events/full/5a99be08be7b2.jpg","1"
"163191","https://www.nycgovparks.org/common_images/events/full/5a99bf60c1534.jpg","1"
"138542","https://www.nycgovparks.org/common_images/events/full/575f1abebf753.jpg","1"
"132717","https://www.nycgovparks.org/common_images/events/full/57756d384348f.jpg","1"
"158704","https://www.nycgovparks.org/common_images/events/full/5a6f70b360ed5.jpg","1"
"73396","https://www.nycgovparks.org/common_images/events/full/51a4fe27eceef.jpg","1"
"99479","https://www.nycgovparks.org/common_images/events/full/5408cd35c7b83.jpg","1"
"147614","https://www.nycgovparks.org/common_images/events/full/59270d2732d78.jpg","1"
"157938","https://www.nycgovparks.org/common_images/events/full/5835db853eaf0.jpg","1"
"102770","https://www.nycgovparks.org/common_images/events/full/547cda2016286.jpg","1"
"170727","https://www.nycgovparks.org/common_images/events/full/5b3b7845574d4.JPG","1"
"129960","https://www.nycgovparks.org/common_images/events/full/57488f9ecc3bb.jpg","1"
"112178","https://www.nycgovparks.org/common_images/events/full/556dfcc07dd96.jpg","1"
"149695","https://www.nycgovparks.org/common_images/events/full/58daa4c73adad.jpg","1"
"165687","https://www.nycgovparks.org/common_images/events/full/5ae8d4c6103c5.JPG","1"
"169866","https://www.nycgovparks.org/common_images/events/full/5b885c5ebc810.jpg","0"
"166187","https://www.nycgovparks.org/common_images/events/full/5af3137e9f5b8.jpg","1"
"167170","https://www.nycgovparks.org/common_images/events/full/5b0eb5291ec8b.jpg","1"
"162445","https://www.nycgovparks.org/common_images/events/full/5a8c447a6148b.JPG","1"
"149274","https://www.nycgovparks.org/common_images/events/full/58daa38c0d02e.jpg","1"
"135446","https://www.nycgovparks.org/common_images/events/full/57bf52fa4b6ac.jpg","1"
"69566","https://www.nycgovparks.org/common_images/events/full/5166e6336343b.jpg","1"
"152622","https://www.nycgovparks.org/common_images/events/full/5980e59e56f0f.jpg","0"
"133708","https://www.nycgovparks.org/common_images/events/full/579621c6bd665.jpg","1"
"127918","https://www.nycgovparks.org/common_images/events/full/5736145427dda.jpg","1"
"142103","https://www.nycgovparks.org/common_images/events/full/58a5eb983309f.jpg","1"
"168871","https://www.nycgovparks.org/common_images/events/full/5b291c57d5b69.jpg","1"
"167693","https://www.nycgovparks.org/common_images/events/full/5bb7d4009e144.png","1"
"144800","https://www.nycgovparks.org/common_images/events/full/5889250c050f7.jpg","1"
"121588","https://www.nycgovparks.org/common_images/events/full/565e01f9a1c88.jpg","1"
"142970","https://www.nycgovparks.org/common_images/events/full/58c0689588178.JPG","1"
"173649","https://www.nycgovparks.org/common_images/events/full/575f1abebf753.jpg","1"
"68630","https://www.nycgovparks.org/common_images/events/full/51af8de124080.jpg","1"
"161730","https://www.nycgovparks.org/common_images/events/full/5a8dc04746981.JPG","1"
"175392","https://www.nycgovparks.org/common_images/events/full/5b7dcaa60e529.jpg","1"
"74018","https://www.nycgovparks.org/common_images/events/full/51ad067b3ffc3.jpg","1"
"173736","https://www.nycgovparks.org/common_images/events/full/575f1abebf753.jpg","1"
"75091","https://www.nycgovparks.org/common_images/events/full/51c8c92cb4edd.jpg","1"
"175575","https://www.nycgovparks.org/common_images/events/full/5b2ea9cc73c9a.jpg","1"
"172184","https://www.nycgovparks.org/common_images/events/full/5b5f7f4d32da0.jpg","1"
"99665","https://www.nycgovparks.org/common_images/events/full/541737fc1f4db.jpg","1"
"167524","https://www.nycgovparks.org/common_images/events/full/5bb7d37233efe.png","1"
"177601","https://www.nycgovparks.org/common_images/events/full/5bae6f260a52d.jpg","1"
"138580","https://www.nycgovparks.org/common_images/events/full/575f1abebf753.jpg","1"
"143925","https://www.nycgovparks.org/common_images/events/full/5888fe3b1996f.jpg","1"
"87187","https://www.nycgovparks.org/common_images/events/full/545b9c23a4fbe.jpg","1"
"73249","https://www.nycgovparks.org/common_images/events/full/519e36fb1d7a0.jpg","1"
"170183","https://www.nycgovparks.org/common_images/events/full/5b35478b22904.jpg","1"
"99454","https://www.nycgovparks.org/common_images/events/full/5408cd35c7b83.jpg","1"
"132439","https://www.nycgovparks.org/common_images/events/full/57743936ef1a5.jpg","1"
"63898","https://www.nycgovparks.org/common_images/events/full/4e6f9de65ef1f.jpg","1"
"177529","https://www.nycgovparks.org/common_images/events/full/5bae5e9e581a7.jpg","1"
"86622","https://www.nycgovparks.org/common_images/events/full/536111f81be6e.jpg","1"
"89507","https://www.nycgovparks.org/common_images/events/full/534ff85eccdc7.jpg","1"
"178534","https://www.nycgovparks.org/common_images/events/full/575f1abebf753.jpg","1"
"163133","https://www.nycgovparks.org/common_images/events/full/5a98675d2f656.jpg","1"
"138842","https://www.nycgovparks.org/common_images/events/full/58137c05a80d8.jpg","1"
"125216","https://www.nycgovparks.org/common_images/events/full/5395c8d750ccf.jpg","1"
"128385","https://www.nycgovparks.org/common_images/events/full/573c8b564a761.jpg","1"
"174198","https://www.nycgovparks.org/common_images/events/full/5b71e15e94663.jpg","1"
"111748","https://www.nycgovparks.org/common_images/events/full/5565f96ceee05.jpg","1"
"142566","https://www.nycgovparks.org/common_images/events/full/58bc62e2af278.jpg","1"
"149347","https://www.nycgovparks.org/common_images/events/full/58daa3f846bdb.jpg","1"
"128567","https://www.nycgovparks.org/common_images/events/full/573c8b564a761.jpg","1"
"147168","https://www.nycgovparks.org/common_images/events/full/58d05a5a67417.JPG","1"
"155345","https://www.nycgovparks.org/common_images/events/full/58daa422a8c80.jpg","1"
"138706","https://www.nycgovparks.org/common_images/events/full/5807a5d1110d3.jpg","0"
"177807","https://www.nycgovparks.org/common_images/events/full/5bb398da11ad4.jpg","1"
"80992","https://www.nycgovparks.org/common_images/events/full/529f4213e26e9.jpg","1"
"68393","https://www.nycgovparks.org/common_images/events/full/515480d440291.jpg","1"
"158837","https://www.nycgovparks.org/common_images/events/full/5a6f6fe6ed5aa.jpg","1"
"156740","https://www.nycgovparks.org/common_images/events/full/59f23665301eb.jpg","1"
"179314","https://www.nycgovparks.org/common_images/events/full/5be617a62fe05.png","1"
"136728","https://www.nycgovparks.org/common_images/events/full/57d1d5470536c.jpg","1"
"135772","https://www.nycgovparks.org/common_images/events/full/57bf52fa4b6ac.jpg","1"
"75365","https://www.nycgovparks.org/common_images/events/full/51cb3a19ef542.jpg","1"
"170769","https://www.nycgovparks.org/common_images/events/full/5b3b9dc90ac9f.jpg","1"
"153175","https://www.nycgovparks.org/common_images/events/full/59946b75f3791.png","1"
"137304","https://www.nycgovparks.org/common_images/events/full/57e448a882140.jpg","1"
"125245","https://www.nycgovparks.org/common_images/events/full/5395c8d750ccf.jpg","1"
"101080","https://www.nycgovparks.org/common_images/events/full/546f6a6e167c1.jpg","1"
"155165","https://www.nycgovparks.org/common_images/events/full/58daa38c0d02e.jpg","1"
"168888","https://www.nycgovparks.org/common_images/events/full/575f1abebf753.jpg","1"
"152535","https://www.nycgovparks.org/common_images/events/full/597ccda792388.jpg","1"
"132116","https://www.nycgovparks.org/common_images/events/full/5772ae6628b30.png","1"
"149544","https://www.nycgovparks.org/common_images/events/full/58daa44f36213.jpg","1"
"108594","https://www.nycgovparks.org/common_images/events/full/539f45af106a7.jpg","1"
"127396","https://www.nycgovparks.org/common_images/events/full/572a87f14db84.jpg","1"
"152483","https://www.nycgovparks.org/common_images/events/full/597ba9ad2ae60.jpg","1"
"112941","https://www.nycgovparks.org/common_images/events/full/557ee7b698c8a.jpg","1"
"80963","https://www.nycgovparks.org/common_images/events/full/529f4213e26e9.jpg","1"
"168208","https://www.nycgovparks.org/common_images/events/full/5b14bab1b1fe2.png","1"
"140067","https://www.nycgovparks.org/common_images/events/full/573235242afdc.jpg","1"
"81005","https://www.nycgovparks.org/common_images/events/full/529f4213e26e9.jpg","1"
"148386","https://www.nycgovparks.org/common_images/events/full/59383991ee0bb.jpg","1"
"68434","https://www.nycgovparks.org/common_images/events/full/5154961dce5d9.jpg","1"
"177599","https://www.nycgovparks.org/common_images/events/full/5bae6f260a52d.jpg","1"
"103403","https://www.nycgovparks.org/common_images/events/full/54a43744b4590.JPG","1"
"142729","https://www.nycgovparks.org/common_images/events/full/58c03c5e6d84e.jpg","0"
"63657","https://www.nycgovparks.org/common_images/events/full/507d950366992.jpg","0"
"131739","https://www.nycgovparks.org/common_images/events/full/576c1ed580fb7.JPG","1"
"132727","https://www.nycgovparks.org/common_images/events/full/57757df8208d1.jpg","1"
"165161","https://www.nycgovparks.org/common_images/events/full/5ad8fb0761a21.jpg","1"
"93848","https://www.nycgovparks.org/common_images/events/full/52d4140b7303f.jpg","1"
"86286","https://www.nycgovparks.org/common_images/events/full/5322063550fb4.jpg","1"
"93908","https://www.nycgovparks.org/common_images/events/full/528136ab90698.jpg","1"
"126331","https://www.nycgovparks.org/common_images/events/full/570d49b1a84b5.jpg","1"
"105303","https://www.nycgovparks.org/common_images/events/full/54f4d78241ec1.jpg","0"
"114828","https://www.nycgovparks.org/common_images/events/full/559c28fda1c0f.jpg","1"
"84460","https://www.nycgovparks.org/common_images/events/full/52fd2ae9dd9fd.jpg","1"
"76282","https://www.nycgovparks.org/common_images/events/full/51d70601d1d92.jpg","1"
"125372","https://www.nycgovparks.org/common_images/events/full/56be104f0b8b4.jpg","1"
"162922","https://www.nycgovparks.org/common_images/events/full/5a94689329836.jpg","1"
"114009","https://www.nycgovparks.org/common_images/events/full/558d9467b4b2a.jpg","1"
"128007","https://www.nycgovparks.org/common_images/events/full/57362ea5d20d1.jpg","1"
"145170","https://www.nycgovparks.org/common_images/events/full/575f1abebf753.jpg","1"
"170642","https://www.nycgovparks.org/common_images/events/full/5b36abeae66a3.jpg","1"
"136997","https://www.nycgovparks.org/common_images/events/full/57dc512902c00.jpg","1"
"165651","https://www.nycgovparks.org/common_images/events/full/5ae8ace2ecbb0.jpg","1"
"86612","https://www.nycgovparks.org/common_images/events/full/535ff35e5a114.jpg","1"
"172932","https://www.nycgovparks.org/common_images/events/full/5b6b270c98dd7.jpg","1"
"128407","https://www.nycgovparks.org/common_images/events/full/573c8b564a761.jpg","1"
"167885","https://www.nycgovparks.org/common_images/events/full/5bb7d48b98ab0.png","1"
"63513","https://www.nycgovparks.org/common_images/events/full/5075db09ab354.JPG","1"
"165595","https://www.nycgovparks.org/common_images/events/full/59407c2ab6b5e.jpg","1"
"159215","https://www.nycgovparks.org/common_images/events/full/5a6f755812c10.jpg","1"
"138609","https://www.nycgovparks.org/common_images/events/full/5707fe79def37.JPG","1"
"172100","https://www.nycgovparks.org/common_images/events/full/5b6209ad10b04.jpg","1"
"141799","https://www.nycgovparks.org/common_images/events/full/5889250c050f7.jpg","1"
"135766","https://www.nycgovparks.org/common_images/events/full/57bf52fa4b6ac.jpg","1"
"146792","https://www.nycgovparks.org/common_images/events/full/590b7fa186ac3.jpg","1"
"150963","https://www.nycgovparks.org/common_images/events/full/5952a7f5230ca.jpg","0"
"80497","https://www.nycgovparks.org/common_images/events/full/52a9e3317134d.jpg","1"
"138404","https://www.nycgovparks.org/common_images/events/full/57fd237647fe9.png","1"
"153619","https://www.nycgovparks.org/common_images/events/full/59a857da628e7.jpg","1"
"112327","https://www.nycgovparks.org/common_images/events/full/5570ab5f5e331.jpg","1"
"63855","https://www.nycgovparks.org/common_images/events/full/4e6f9de65ef1f.jpg","1"
"108483","https://www.nycgovparks.org/common_images/events/full/55301789374c7.jpg","1"
"140150","https://www.nycgovparks.org/common_images/events/full/58472025a9d4e.jpg","1"
"145545","https://www.nycgovparks.org/common_images/events/full/579f7dacd1f17.jpg","1"
"85160","https://www.nycgovparks.org/common_images/events/full/530feca70d2c0.jpg","1"
"110983","https://www.nycgovparks.org/common_images/events/full/5372554ad5dfc.jpg","1"
"144349","https://www.nycgovparks.org/common_images/events/full/58daa38c0d02e.jpg","1"
"171639","https://www.nycgovparks.org/common_images/events/full/5b58c2fd58d90.jpg","1"
"130305","https://www.nycgovparks.org/common_images/events/full/57519a4ee81d2.jpg","1"
"69569","https://www.nycgovparks.org/common_images/events/full/5166e6336343b.jpg","1"
"74181","https://www.nycgovparks.org/common_images/events/full/5166e6336343b.jpg","1"
"149810","https://www.nycgovparks.org/common_images/events/full/58daa30d88260.jpg","1"
"127871","https://www.nycgovparks.org/common_images/events/full/5736058cc532b.jpg","1"
"141835","https://www.nycgovparks.org/common_images/events/full/5889250c050f7.jpg","1"
"172357","https://www.nycgovparks.org/common_images/events/full/5b60b368c9d13.jpg","1"
"128421","https://www.nycgovparks.org/common_images/events/full/573c8b564a761.jpg","1"
"131495","https://www.nycgovparks.org/common_images/events/full/5767faa22b941.PNG","1"
"155969","https://www.nycgovparks.org/common_images/events/full/59c2d35aaf276.jpg","1"
"136735","https://www.nycgovparks.org/common_images/events/full/57d2e5753ea72.jpg","1"
"113791","https://www.nycgovparks.org/common_images/events/full/554127d7d57d1.jpg","1"
"149835","https://www.nycgovparks.org/common_images/events/full/58daa30d88260.jpg","1"
"156708","https://www.nycgovparks.org/common_images/events/full/59f23665301eb.jpg","1"
"142884","https://www.nycgovparks.org/common_images/events/full/58c710225b21f.JPG","0"
"105731","https://www.nycgovparks.org/common_images/events/full/550063d24ef7e.jpg","1"
"149315","https://www.nycgovparks.org/common_images/events/full/58daa38c0d02e.jpg","1"
"125060","https://www.nycgovparks.org/common_images/events/full/56f581888f3bc.JPG","1"
"153558","https://www.nycgovparks.org/common_images/events/full/58e68cdec0361.jpg","1"
"175273","https://www.nycgovparks.org/common_images/events/full/5991fb38f38e4.jpg","1"
"128715","https://www.nycgovparks.org/common_images/events/full/573c8b564a761.jpg","1"
"117466","https://www.nycgovparks.org/common_images/events/full/5579a9b9eb700.jpg","1"
"156083","https://www.nycgovparks.org/common_images/events/full/59dd28e3e9f62.jpg","1"
"102487","https://www.nycgovparks.org/common_images/events/full/54a2daada4086.jpg","1"
"131613","https://www.nycgovparks.org/common_images/events/full/576acde135923.jpg","1"
"133690","https://www.nycgovparks.org/common_images/events/full/5792927111995.jpg","1"
"143005","https://www.nycgovparks.org/common_images/events/full/58c06fb2395d4.JPG","1"
"93337","https://www.nycgovparks.org/common_images/events/full/53694a111bbbc.jpg","1"
"78497","https://www.nycgovparks.org/common_images/events/full/5252fd0e9c5e0.JPG","1"
"170684","https://www.nycgovparks.org/common_images/events/full/5b34f2f996111.jpg","1"
"142843","https://www.nycgovparks.org/common_images/events/full/58c056b59d2b3.jpg","1"
