"event_id","event_organizer"
"62223","New York Botanical Garden"
"62224","New York Botanical Garden"
"62225","New York Botanical Garden"
"62226","New York Botanical Garden"
"62227","New York Botanical Garden"
"62228","New York Botanical Garden"
"62229","New York Botanical Garden"
"62230","New York Botanical Garden"
"62231","New York Botanical Garden"
"62232","New York Botanical Garden"
"62233","New York Botanical Garden"
"62234","New York Botanical Garden"
"62235","New York Botanical Garden"
"62236","New York Botanical Garden"
"62237","New York Botanical Garden"
"62238","New York Botanical Garden"
"62239","New York Botanical Garden"
"62240","New York Botanical Garden"
"62241","New York Botanical Garden"
"62242","New York Botanical Garden"
"62243","New York Botanical Garden"
"62244","New York Botanical Garden"
"62245","New York Botanical Garden"
"62246","New York Botanical Garden"
"62247","New York Botanical Garden"
"62248","New York Botanical Garden"
"62249","Historic Tappen Park Community Partnership"
"62250","Historic Tappen Park Community Partnership"
"62270","Bryant Park Corporation"
"62271","Bryant Park Corporation"
"62272","Bryant Park Corporation"
"62273","Bryant Park Corporation"
"62274","New York Restoration Project"
"62275","The Global Poverty Project"
"62276","GreenThumb"
"62277","GreenThumb"
"62278","Northern Manhattan Parks"
"62278","Fort Tryon Park Trust"
"62279","Northern Manhattan Parks"
"62279","Fort Tryon Park Trust"
"62280","Northern Manhattan Parks"
"62280","Fort Tryon Park Trust"
"62281","Northern Manhattan Parks"
"62281","Fort Tryon Park Trust"
"62281","Washington Heights Inwood Development Corporation"
"62282","Northern Manhattan Parks"
"62282","Fort Tryon Park Trust"
"62283","Queens Recreation"
"62284","Queens Recreation"
"62285","Art & Antiquities"
"62286","Art & Antiquities"
"62287","Art & Antiquities"
"62288","Art & Antiquities"
"62289","Art & Antiquities"
"62290","Art & Antiquities"
"62291","Art & Antiquities"
"62292","Art & Antiquities"
"62293","Art & Antiquities"
"62294","Art & Antiquities"
"62295","Art & Antiquities"
"62296","Art & Antiquities"
"62297","Art & Antiquities"
"62298","Art & Antiquities"
"62299","Art & Antiquities"
"62300","Art & Antiquities"
"62301","Art & Antiquities"
"62302","Art & Antiquities"
"62303","Art & Antiquities"
"62304","Art & Antiquities"
"62305","Art & Antiquities"
"62306","Art & Antiquities"
"62307","Art & Antiquities"
"62308","Art & Antiquities"
"62309","Art & Antiquities"
"62310","Art & Antiquities"
"62311","Art & Antiquities"
"62312","Art & Antiquities"
"62313","Art & Antiquities"
"62314","Art & Antiquities"
"62315","Art & Antiquities"
"62316","Art & Antiquities"
"62317","Art & Antiquities"
"62318","Central Park Conservancy"
"62321","Wave Hill"
"62325","Wave Hill"
"62326","Wave Hill"
"62327","Wave Hill"
"62328","Wave Hill"
"62329","Wave Hill"
"62330","Wave Hill"
"62331","Wave Hill"
"62332","Wave Hill"
"62333","Wave Hill"
"62334","Partnerships for Parks"
"62334","Shorakapok Earth Keepers"
"62335","Prospect Park Alliance"
"62336","Prospect Park Alliance"
"62337","Prospect Park Alliance"
"62338","Prospect Park Alliance"
"62339","Prospect Park Alliance"
"62340","Prospect Park Alliance"
"62341","Prospect Park Alliance"
"62342","Prospect Park Alliance"
"62343","Prospect Park Alliance"
"62344","Prospect Park Alliance"
"62345","Prospect Park Alliance"
"62346","Prospect Park Alliance"
"62347","Prospect Park Alliance"
"62348","Prospect Park Alliance"
"62349","Prospect Park Alliance"
"62350","Prospect Park Alliance"
"62351","Prospect Park Alliance"
"62352","Prospect Park Alliance"
"62353","Prospect Park Alliance"
"62354","Prospect Park Alliance"
"62355","Prospect Park Alliance"
"62356","Prospect Park Alliance"
"62357","Prospect Park Alliance"
"62358","Prospect Park Alliance"
"62359","Prospect Park Alliance"
"62360","Prospect Park Alliance"
"62361","Prospect Park Alliance"
"62362","Prospect Park Alliance"
"62363","Prospect Park Alliance"
"62364","Prospect Park Alliance"
"62365","Prospect Park Alliance"
"62366","Prospect Park Alliance"
"62367","Prospect Park Alliance"
"62368","Prospect Park Alliance"
"62369","Prospect Park Alliance"
"62370","Prospect Park Alliance"
"62371","Prospect Park Alliance"
"62372","Prospect Park Alliance"
"62373","Prospect Park Alliance"
"62374","Prospect Park Alliance"
"62375","Prospect Park Alliance"
"62376","Prospect Park Alliance"
"62377","Prospect Park Alliance"
"62378","Prospect Park Alliance"
"62379","Prospect Park Alliance"
"62380","Prospect Park Alliance"
"62381","Prospect Park Alliance"
"62382","Prospect Park Alliance"
"62383","Prospect Park Alliance"
"62384","Prospect Park Alliance"
"62385","Prospect Park Alliance"
"62386","Prospect Park Alliance"
"62387","Prospect Park Alliance"
"62388","Prospect Park Alliance"
"62389","Prospect Park Alliance"
"62390","Prospect Park Alliance"
"62391","Prospect Park Alliance"
"62392","Prospect Park Alliance"
"62393","Prospect Park Alliance"
"62394","Prospect Park Alliance"
"62395","Prospect Park Alliance"
"62396","Prospect Park Alliance"
"62397","Prospect Park Alliance"
"62398","Prospect Park Alliance"
"62399","Prospect Park Alliance"
"62400","Prospect Park Alliance"
"62401","Prospect Park Alliance"
"62402","Prospect Park Alliance"
"62403","Prospect Park Alliance"
"62404","Prospect Park Alliance"
"62405","Prospect Park Alliance"
"62406","Prospect Park Alliance"
"62407","Prospect Park Alliance"
"62408","Prospect Park Alliance"
"62409","Prospect Park Alliance"
"62410","Prospect Park Alliance"
"62411","Prospect Park Alliance"
"62412","Prospect Park Alliance"
"62413","Prospect Park Alliance"
"62414","Prospect Park Alliance"
"62415","Prospect Park Alliance"
"62416","Prospect Park Alliance"
"62417","Prospect Park Alliance"
"62418","Prospect Park Alliance"
"62420","Prospect Park Alliance"
"62421","Prospect Park Alliance"
"62422","Prospect Park Alliance"
"62423","Prospect Park Alliance"
"62424","Prospect Park Alliance"
"62425","Prospect Park Alliance"
"62426","Prospect Park Alliance"
"62427","Prospect Park Alliance"
"62428","Prospect Park Alliance"
"62429","Prospect Park Alliance"
"62430","Prospect Park Alliance"
"62431","Prospect Park Alliance"
"62432","Prospect Park Alliance"
"62433","Prospect Park Alliance"
"62434","Prospect Park Alliance"
"62435","Prospect Park Alliance"
"62436","Prospect Park Alliance"
"62437","Prospect Park Alliance"
"62438","Prospect Park Alliance"
"62439","Prospect Park Alliance"
"62440","Prospect Park Alliance"
"62441","Prospect Park Alliance"
"62442","Prospect Park Alliance"
"62443","Prospect Park Alliance"
"62444","Prospect Park Alliance"
"62445","Prospect Park Alliance"
"62446","Prospect Park Alliance"
"62447","Prospect Park Alliance"
"62448","Prospect Park Alliance"
"62449","Prospect Park Alliance"
"62450","Prospect Park Alliance"
"62451","Prospect Park Alliance"
"62452","Prospect Park Alliance"
"62453","Prospect Park Alliance"
"62454","Prospect Park Alliance"
"62455","Prospect Park Alliance"
"62456","Prospect Park Alliance"
"62457","Prospect Park Alliance"
"62458","Prospect Park Alliance"
"62459","Prospect Park Alliance"
"62460","Prospect Park Alliance"
"62461","Prospect Park Alliance"
"62462","Prospect Park Alliance"
"62463","Prospect Park Alliance"
"62464","Prospect Park Alliance"
"62465","Prospect Park Alliance"
"62466","Prospect Park Alliance"
"62467","Prospect Park Alliance"
"62468","Prospect Park Alliance"
"62469","Prospect Park Alliance"
"62470","Prospect Park Alliance"
"62471","Prospect Park Alliance"
"62472","Prospect Park Alliance"
"62473","Prospect Park Alliance"
"62474","Prospect Park Alliance"
"62475","Prospect Park Alliance"
"62476","Prospect Park Alliance"
"62477","Prospect Park Alliance"
"62478","Prospect Park Alliance"
"62479","Prospect Park Alliance"
"62480","Prospect Park Alliance"
"62481","Prospect Park Alliance"
"62482","Prospect Park Alliance"
"62483","Prospect Park Alliance"
"62484","Prospect Park Alliance"
"62485","Prospect Park Alliance"
"62486","Prospect Park Alliance"
"62487","Prospect Park Alliance"
"62488","Prospect Park Alliance"
"62489","Prospect Park Alliance"
"62490","Prospect Park Alliance"
"62491","Prospect Park Alliance"
"62492","Prospect Park Alliance"
"62493","Prospect Park Alliance"
"62494","Prospect Park Alliance"
"62495","Prospect Park Alliance"
"62496","Prospect Park Alliance"
"62497","Prospect Park Alliance"
"62498","Prospect Park Alliance"
"62499","Prospect Park Alliance"
"62500","Prospect Park Alliance"
"62501","Prospect Park Alliance"
"62502","Prospect Park Alliance"
"62503","Prospect Park Alliance"
"62504","Prospect Park Alliance"
"62505","Prospect Park Alliance"
"62506","Prospect Park Alliance"
"62507","Prospect Park Alliance"
"62508","Prospect Park Alliance"
"62509","Prospect Park Alliance"
"62510","Prospect Park Alliance"
"62511","Prospect Park Alliance"
"62512","Prospect Park Alliance"
"62513","Prospect Park Alliance"
"62514","Prospect Park Alliance"
"62515","Prospect Park Alliance"
"62516","Prospect Park Alliance"
"62517","Prospect Park Alliance"
"62518","Prospect Park Alliance"
"62519","Prospect Park Alliance"
"62520","Prospect Park Alliance"
"62521","Prospect Park Alliance"
"62522","Prospect Park Alliance"
"62523","Prospect Park Alliance"
"62524","Prospect Park Alliance"
"62526","Prospect Park Alliance"
"62527","Prospect Park Alliance"
"62528","Prospect Park Alliance"
"62529","Prospect Park Alliance"
"62530","Prospect Park Alliance"
"62531","Prospect Park Alliance"
"62532","Prospect Park Alliance"
"62533","Prospect Park Alliance"
"62534","Prospect Park Alliance"
"62535","Prospect Park Alliance"
"62536","Prospect Park Alliance"
"62537","Prospect Park Alliance"
"62538","Prospect Park Alliance"
"62539","Prospect Park Alliance"
"62540","Prospect Park Alliance"
"62541","Prospect Park Alliance"
"62542","Prospect Park Alliance"
"62543","Prospect Park Alliance"
"62544","Prospect Park Alliance"
"62545","Prospect Park Alliance"
"62546","Prospect Park Alliance"
"62548","Historic House Trust"
"62548","Prospect Park Alliance"
"62549","Historic House Trust"
"62549","Prospect Park Alliance"
"62550","Historic House Trust"
"62550","Prospect Park Alliance"
"62551","Historic House Trust"
"62551","Prospect Park Alliance"
"62552","Historic House Trust"
"62552","Prospect Park Alliance"
"62553","Historic House Trust"
"62553","Prospect Park Alliance"
"62554","Historic House Trust"
"62554","Prospect Park Alliance"
"62555","Historic House Trust"
"62555","Prospect Park Alliance"
"62556","Historic House Trust"
"62556","Prospect Park Alliance"
"62557","Historic House Trust"
"62557","Prospect Park Alliance"
"62558","Historic House Trust"
"62558","Prospect Park Alliance"
"62559","Historic House Trust"
"62559","Prospect Park Alliance"
"62560","Historic House Trust"
"62560","Prospect Park Alliance"
"62561","Historic House Trust"
"62561","Prospect Park Alliance"
"62562","Historic House Trust"
"62562","Prospect Park Alliance"
"62563","Historic House Trust"
"62563","Prospect Park Alliance"
"62564","Historic House Trust"
"62564","Prospect Park Alliance"
"62565","Historic House Trust"
"62565","Prospect Park Alliance"
"62566","Historic House Trust"
"62566","Prospect Park Alliance"
"62567","Historic House Trust"
"62567","Prospect Park Alliance"
"62568","Historic House Trust"
"62568","Prospect Park Alliance"
"62569","Historic House Trust"
"62569","Prospect Park Alliance"
"62570","Historic House Trust"
"62570","Prospect Park Alliance"
"62571","Historic House Trust"
"62571","Prospect Park Alliance"
"62572","Historic House Trust"
"62572","Prospect Park Alliance"
"62573","Historic House Trust"
"62573","Prospect Park Alliance"
"62574","Historic House Trust"
"62574","Prospect Park Alliance"
"62575","Historic House Trust"
"62575","Prospect Park Alliance"
"62576","Historic House Trust"
"62576","Prospect Park Alliance"
"62577","Historic House Trust"
"62577","Prospect Park Alliance"
"62578","Historic House Trust"
"62578","Prospect Park Alliance"
"62579","Historic House Trust"
"62579","Prospect Park Alliance"
"62580","Historic House Trust"
"62580","Prospect Park Alliance"
"62581","Historic House Trust"
"62581","Prospect Park Alliance"
"62582","Historic House Trust"
"62582","Prospect Park Alliance"
"62583","Historic House Trust"
"62583","Prospect Park Alliance"
"62584","Historic House Trust"
"62584","Prospect Park Alliance"
"62585","Historic House Trust"
"62585","Prospect Park Alliance"
"62586","Historic House Trust"
"62586","Prospect Park Alliance"
"62587","Historic House Trust"
"62587","Prospect Park Alliance"
"62588","Historic House Trust"
"62588","Prospect Park Alliance"
"62589","Historic House Trust"
"62589","Prospect Park Alliance"
"62590","Historic House Trust"
"62590","Prospect Park Alliance"
"62591","Historic House Trust"
"62591","Prospect Park Alliance"
"62592","Historic House Trust"
"62592","Prospect Park Alliance"
"62593","Historic House Trust"
"62593","Prospect Park Alliance"
"62594","Historic House Trust"
"62594","Prospect Park Alliance"
"62595","Historic House Trust"
"62595","Prospect Park Alliance"
"62596","Historic House Trust"
"62596","Prospect Park Alliance"
"62597","Historic House Trust"
"62597","Prospect Park Alliance"
"62598","Historic House Trust"
"62598","Prospect Park Alliance"
"62599","Historic House Trust"
"62599","Prospect Park Alliance"
"62600","Historic House Trust"
"62600","Prospect Park Alliance"
"62601","Historic House Trust"
"62601","Prospect Park Alliance"
"62602","Historic House Trust"
"62602","Prospect Park Alliance"
"62603","Historic House Trust"
"62603","Prospect Park Alliance"
"62604","Historic House Trust"
"62604","Prospect Park Alliance"
"62605","Historic House Trust"
"62605","Prospect Park Alliance"
"62606","Historic House Trust"
"62606","Prospect Park Alliance"
"62607","Historic House Trust"
"62607","Prospect Park Alliance"
"62608","Historic House Trust"
"62608","Prospect Park Alliance"
"62609","Historic House Trust"
"62609","Prospect Park Alliance"
"62610","Historic House Trust"
"62610","Prospect Park Alliance"
"62611","Historic House Trust"
"62611","Prospect Park Alliance"
"62612","Historic House Trust"
"62612","Prospect Park Alliance"
"62613","Historic House Trust"
"62613","Prospect Park Alliance"
"62615","Prospect Park Alliance"
"62616","Prospect Park Alliance"
"62617","Prospect Park Alliance"
"62618","Prospect Park Alliance"
"62619","Prospect Park Alliance"
"62620","Prospect Park Alliance"
"62621","Prospect Park Alliance"
"62622","Prospect Park Alliance"
"62623","Prospect Park Alliance"
"62624","Prospect Park Alliance"
"62625","Prospect Park Alliance"
"62626","Prospect Park Alliance"
"62627","Prospect Park Alliance"
"62628","Prospect Park Alliance"
"62629","Prospect Park Alliance"
"62630","Prospect Park Alliance"
"62631","Prospect Park Alliance"
"62632","Prospect Park Alliance"
"62633","Prospect Park Alliance"
"62634","Prospect Park Alliance"
"62635","Prospect Park Alliance"
"62636","Prospect Park Alliance"
"62637","Prospect Park Alliance"
"62638","Prospect Park Alliance"
"62639","Prospect Park Alliance"
"62640","Prospect Park Alliance"
"62641","Prospect Park Alliance"
"62642","Prospect Park Alliance"
"62643","Prospect Park Alliance"
"62644","Prospect Park Alliance"
"62645","Prospect Park Alliance"
"62646","Prospect Park Alliance"
"62647","Prospect Park Alliance"
"62648","Prospect Park Alliance"
"62649","Prospect Park Alliance"
"62650","Prospect Park Alliance"
"62651","Prospect Park Alliance"
"62652","Prospect Park Alliance"
"62653","Prospect Park Alliance"
"62654","Prospect Park Alliance"
"62655","Prospect Park Alliance"
"62656","Prospect Park Alliance"
"62657","Prospect Park Alliance"
"62658","Prospect Park Alliance"
"62659","Prospect Park Alliance"
"62660","Prospect Park Alliance"
"62661","Prospect Park Alliance"
"62667","Prospect Park Alliance"
"62668","Freshkills Park"
"62668","Staten Island Museum"
"62669","King Manor Museum"
"62670","King Manor Museum"
"62671","King Manor Museum"
"62672","King Manor Museum"
"62673","King Manor Museum"
"62674","King Manor Museum"
"62675","King Manor Museum"
"62676","King Manor Museum"
"62677","King Manor Museum"
"62678","King Manor Museum"
"62679","vcp.org"
"62681","New York Restoration Project"
"62682","Poe Visitor Center"
"62683","Poe Visitor Center"
"62684","Poe Visitor Center"
"62685","Poe Visitor Center"
"62686","Morris-Jumel Mansion"
"62687","Morris-Jumel Mansion"
"62688","Socrates Sculpture Park"
"62689","Van Cortlandt Park Conservancy"
"62690","Morris-Jumel Mansion"
"62691","Morris-Jumel Mansion"
"62692","Morris-Jumel Mansion"
"62693","Morris-Jumel Mansion"
"62694","Partnerships for Parks"
"62694","Isham Park Restoration Program 1970, Inc."
"62694","Volunteers for Isham Park"
"62695","Morris-Jumel Mansion"
"62696","Morris-Jumel Mansion"
"62697","Morris-Jumel Mansion"
"62699","Socrates Sculpture Park"
"62700","Poe Visitor Center"
"62701","Poe Visitor Center"
"62702","Poe Visitor Center"
"62703","Van Cortlandt Park Conservancy"
"62704","Poe Visitor Center"
"62705","vcpark.org"
"62706","Poe Visitor Center"
"62707","Poe Visitor Center"
"62708","Poe Visitor Center"
"62709","Poe Visitor Center"
"62710","Poe Visitor Center"
"62729","Poe Visitor Center"
"62731","Van Cortlandt Park Conservancy"
"62732","Van Cortlandt Park Conservancy"
"62733","Van Cortlandt Park Conservancy"
"62734","Van Cortlandt Park Conservancy"
"62735","Northern Manhattan Parks"
"62735","Fort Tryon Park Trust"
"62736","COAHSI"
"62736","Staten Island Greenbelt Conservancy"
"62737","COAHSI"
"62737","Staten Island Greenbelt Conservancy"
"62738","COAHSI"
"62738","Staten Island Greenbelt Conservancy"
"62739","COAHSI"
"62739","Staten Island Greenbelt Conservancy"
"62740","COAHSI"
"62740","Staten Island Greenbelt Conservancy"
"62741","COAHSI"
"62741","Staten Island Greenbelt Conservancy"
"62742","COAHSI"
"62742","Staten Island Greenbelt Conservancy"
"62743","COAHSI"
"62743","Staten Island Greenbelt Conservancy"
"62744","COAHSI"
"62744","Staten Island Greenbelt Conservancy"
"62745","COAHSI"
"62745","Staten Island Greenbelt Conservancy"
"62746","COAHSI"
"62746","Staten Island Greenbelt Conservancy"
"62747","COAHSI"
"62747","Staten Island Greenbelt Conservancy"
"62748","COAHSI"
"62748","Staten Island Greenbelt Conservancy"
"62749","COAHSI"
"62749","Staten Island Greenbelt Conservancy"
"62750","COAHSI"
"62750","Staten Island Greenbelt Conservancy"
"62751","COAHSI"
"62751","Staten Island Greenbelt Conservancy"
"62752","COAHSI"
"62752","Staten Island Greenbelt Conservancy"
"62753","COAHSI"
"62753","Staten Island Greenbelt Conservancy"
"62754","COAHSI"
"62754","Staten Island Greenbelt Conservancy"
"62755","COAHSI"
"62755","Staten Island Greenbelt Conservancy"
"62756","COAHSI"
"62756","Staten Island Greenbelt Conservancy"
"62757","COAHSI"
"62757","Staten Island Greenbelt Conservancy"
"62758","COAHSI"
"62758","Staten Island Greenbelt Conservancy"
"62759","COAHSI"
"62759","Staten Island Greenbelt Conservancy"
"62760","COAHSI"
"62760","Staten Island Greenbelt Conservancy"
"62761","COAHSI"
"62761","Staten Island Greenbelt Conservancy"
"62762","COAHSI"
"62762","Staten Island Greenbelt Conservancy"
"62763","COAHSI"
"62763","Staten Island Greenbelt Conservancy"
"62764","COAHSI"
"62764","Staten Island Greenbelt Conservancy"
"62765","COAHSI"
"62765","Staten Island Greenbelt Conservancy"
"62766","COAHSI"
"62766","Staten Island Greenbelt Conservancy"
"62767","COAHSI"
"62767","Staten Island Greenbelt Conservancy"
"62771","Wyckoff House Museum"
"62772","Van Cortlandt Park Conservancy"
"62773","Van Cortlandt Park Conservancy"
"62774","Van Cortlandt Park Conservancy"
"62775","Van Cortlandt Park Conservancy"
"62776","Van Cortlandt Park Conservancy"
"62940","Wave Hill"
"62777","Van Cortlandt Park Conservancy"
"62778","Van Cortlandt Park Conservancy"
"62779","Van Cortlandt Park Conservancy"
"62780","Van Cortlandt Park Conservancy"
"62781","Van Cortlandt Park Conservancy"
"62782","Van Cortlandt Park Conservancy"
"62783","Van Cortlandt Park Conservancy"
"62784","Van Cortlandt Park Conservancy"
"62785","Van Cortlandt Park Conservancy"
"62786","Van Cortlandt Park Conservancy"
"62787","Van Cortlandt Park Conservancy"
"62788","Van Cortlandt Park Conservancy"
"62789","Van Cortlandt Park Conservancy"
"62790","Van Cortlandt Park Conservancy"
"62791","Van Cortlandt Park Conservancy"
"62792","Van Cortlandt Park Conservancy"
"62793","Van Cortlandt Park Conservancy"
"62794","Van Cortlandt Park Conservancy"
"62795","Van Cortlandt Park Conservancy"
"62796","Van Cortlandt Park Conservancy"
"62797","Van Cortlandt Park Conservancy"
"62798","Van Cortlandt Park Conservancy"
"62799","Van Cortlandt Park Conservancy"
"62800","Van Cortlandt Park Conservancy"
"62801","Van Cortlandt Park Conservancy"
"62802","Van Cortlandt Park Conservancy"
"62803","Staten Island Museum"
"62804","Alice Austen"
"62805","Alice Austen"
"62806","Alice Austen"
"62807","Pelham Bay Park Special Events"
"62808","Partnerships for Parks"
"62809","MillionTreesNYC"
"62810","MillionTreesNYC"
"62817","MillionTreesNYC"
"62818","Citizens Committee for New York City"
"62819","Nicole Pizarro"
"62820","Northern Manhattan Parks"
"62820","Fort Tryon Park Trust"
"62820","Greenacre Fund"
"62822","Van Cortlandt Park Conservancy"
"62823","Van Cortlandt Park Conservancy"
"62824","Van Cortlandt Park Conservancy"
"62825","Van Cortlandt Park Conservancy"
"62826","Van Cortlandt Park Conservancy"
"62827","Van Cortlandt Park Conservancy"
"62828","Van Cortlandt Park Conservancy"
"62829","Van Cortlandt Park Conservancy"
"62830","Van Cortlandt Park Conservancy"
"62831","Van Cortlandt Park Conservancy"
"62832","Van Cortlandt Park Conservancy"
"62834","Van Cortlandt Park Conservancy"
"62835","Van Cortlandt Park Conservancy"
"62836","Van Cortlandt Park Conservancy"
"62837","Van Cortlandt Park Conservancy"
"62838","Van Cortlandt Park Conservancy"
"62839","Van Cortlandt Park Conservancy"
"62840","Van Cortlandt Park Conservancy"
"62841","Van Cortlandt Park Conservancy"
"62842","Van Cortlandt Park Conservancy"
"62843","Van Cortlandt Park Conservancy"
"62844","Van Cortlandt Park Conservancy"
"62845","Brooklyn Book Festival"
"62846","Manhattan Borough Office"
"62847","Manhattan Borough Office"
"62848","Historic House Trust"
"62849","Historic House Trust"
"62850","Historic House Trust"
"62851","Historic House Trust"
"62852","Historic House Trust"
"62853","Historic House Trust"
"62854","Historic House Trust"
"62855","Historic House Trust"
"62856","Historic House Trust"
"62857","Historic House Trust"
"62858","Historic House Trust"
"62859","Historic House Trust"
"62860","Historic House Trust"
"62861","Historic House Trust"
"62862","Historic House Trust"
"62863","Historic House Trust"
"62864","Historic House Trust"
"62865","Historic House Trust"
"62866","Historic House Trust"
"62867","Historic House Trust"
"62868","Historic House Trust"
"62869","Historic House Trust"
"62870","Historic House Trust"
"62871","Historic House Trust"
"62872","Historic House Trust"
"62873","Historic House Trust"
"62874","Historic House Trust"
"62875","Historic House Trust"
"62876","Historic House Trust"
"62877","Historic House Trust"
"62878","Historic House Trust"
"62879","Historic House Trust"
"62880","Historic House Trust"
"62881","Historic House Trust"
"62882","Historic House Trust"
"62883","Historic House Trust"
"62884","Historic House Trust"
"62885","Historic House Trust"
"62886","Historic House Trust"
"62887","Historic House Trust"
"62888","Historic House Trust"
"62889","NYC Parks"
"62889","The Harlem Globetrotters"
"62890","NYC Parks"
"62890","Lower East Side Ecology Center"
"62891","Madison Square Park Conservancy"
"62892","Madison Square Park Conservancy"
"62893","Madison Square Park Conservancy"
"62894","Madison Square Park Conservancy"
"62895","Madison Square Park Conservancy"
"62896","Madison Square Park Conservancy"
"62897","Madison Square Park Conservancy"
"62898","Citizens Committee"
"62899","Forest Park"
"62900","Van Cortlandt Park Conservancy"
"62901","Van Cortlandt Park Conservancy"
"62902","Van Cortlandt Park Conservancy"
"62902","vcpiceRink.com"
"62903","Van Cortlandt Park Conservancy"
"62904","Van Cortlandt House Museum"
"62904","Van Cortlandt Park Conservancy"
"62905","Van Cortlandt House Museum"
"62905","Van Cortlandt Park Conservancy"
"62906","Van Cortlandt House Museum"
"62906","Van Cortlandt Park Conservancy"
"62907","Van Cortlandt Park Conservancy"
"62908","Van Cortlandt Park Conservancy"
"62909","Van Cortlandt Park Conservancy"
"62911","Van Cortlandt Park Conservancy"
"62912","Van Cortlandt Park Conservancy"
"62913","Van Cortlandt House Museum"
"62914","Van Cortlandt House Museum"
"62915","Van Cortlandt Park Conservancy"
"62916","GreenThumb"
"62917","Circus Amok"
"62918","Circus Amok"
"62919","Circus Amok"
"62920","Circus Amok"
"62921","Circus Amok"
"62922","Circus Amok"
"62923","Staten Island Greenbelt Conservancy"
"62923","Greenbelt Natural Resources Team"
"62924","Staten Island Greenbelt Conservancy"
"62924","Greenbelt Natural Resources Team"
"62925","Staten Island Greenbelt Conservancy"
"62925","Greenbelt Natural Resources Team"
"62926","Staten Island Greenbelt Conservancy"
"62926","Greenbelt Natural Resources Team"
"62927","Staten Island Greenbelt Conservancy"
"62927","Greenbelt Natural Resources Team"
"62928","Staten Island Greenbelt Conservancy"
"62928","Greenbelt Natural Resources Team"
"62929","Friends of Morningside Park"
"62934","NYC Parks"
"62938","Wave Hill"
"62939","Wave Hill"
"62941","Wave Hill"
"62942","Wave Hill"
"62943","Wave Hill"
"62944","Wave Hill"
"62945","Wave Hill"
"62946","Wave Hill"
"62947","Wave Hill"
"62948","Wave Hill"
"62949","Wave Hill"
"62950","Wave Hill"
"62951","Wave Hill"
"62952","Wave Hill"
"62953","Wave Hill"
"62954","Wave Hill"
"62955","Wave Hill"
"62956","Wave Hill"
"62957","Wave Hill"
"62958","Wave Hill"
"62959","Wave Hill"
"62960","Wave Hill"
"62961","Wave Hill"
"62962","Wave Hill"
"62963","Wave Hill"
"62964","Riverside Park Conservancy"
"62965","Wave Hill"
"62966","Wave Hill"
"62967","Wave Hill"
"62968","Riverside Park Conservancy"
"62969","Riverside Park Conservancy"
"62970","GreenThumb"
"62970","Just Food"
"62971","Wave Hill"
"62972","Wave Hill"
"62973","Wave Hill"
"62974","Wave Hill"
"62975","Wave Hill"
"62976","Conference House Association"
"62978","Snug Harbor Cultural Center"
"62979","Al Oerter Recreation Center"
"62979","Queens Recreation"
"62983","New York Restoration Project"
"62984","GreenThumb"
"62984","Just Food"
"62985","GreenThumb"
"62986","Imani Garden"
"62987","The Cultural Landscape Foundation"
"62988","Queens Recreation"
"62989","Queens Recreation"
"62990","Queens Recreation"
"62991","Queens Recreation"
"62992","Queens Recreation"
"62993","Queens Recreation"
"62994","Queens Recreation"
"62995","Central Park Conservancy"
"62996","Central Park Conservancy"
"62997","Central Park Conservancy"
"62998","Central Park Conservancy"
"62999","Central Park Conservancy"
"63000","Central Park Conservancy"
"63001","Central Park Conservancy"
"63002","Central Park Conservancy"
"63003","Central Park Conservancy"
"63004","Central Park Conservancy"
"63005","Central Park Conservancy"
"63006","Central Park Conservancy"
"63007","Central Park Conservancy"
"63008","Central Park Conservancy"
"63009","Central Park Conservancy"
"63010","Central Park Conservancy"
"63011","Central Park Conservancy"
"63012","Central Park Conservancy"
"63013","Central Park Conservancy"
"63014","Central Park Conservancy"
"63015","Central Park Conservancy"
"63016","Central Park Conservancy"
"63017","Central Park Conservancy"
"63018","Central Park Conservancy"
"63019","Central Park Conservancy"
"63020","Central Park Conservancy"
"63021","Central Park Conservancy"
"63022","Central Park Conservancy"
"63023","Central Park Conservancy"
"63024","Central Park Conservancy"
"63025","Central Park Conservancy"
"63026","Central Park Conservancy"
"63027","Central Park Conservancy"
"63028","Central Park Conservancy"
"63029","Central Park Conservancy"
"63030","Central Park Conservancy"
"63031","Central Park Conservancy"
"63032","Central Park Conservancy"
"63033","Central Park Conservancy"
"63034","Central Park Conservancy"
"63035","Central Park Conservancy"
"63036","Central Park Conservancy"
"63037","Central Park Conservancy"
"63038","Central Park Conservancy"
"63039","Central Park Conservancy"
"63040","Central Park Conservancy"
"63041","Central Park Conservancy"
"63042","Central Park Conservancy"
"63043","Central Park Conservancy"
"63044","Central Park Conservancy"
"63045","Central Park Conservancy"
"63046","Central Park Conservancy"
"63047","Central Park Conservancy"
"63048","Central Park Conservancy"
"63049","Central Park Conservancy"
"63050","Central Park Conservancy"
"63051","Central Park Conservancy"
"63052","Central Park Conservancy"
"63053","Central Park Conservancy"
"63054","Central Park Conservancy"
"63055","Central Park Conservancy"
"63056","Central Park Conservancy"
"63057","Central Park Conservancy"
"63058","Central Park Conservancy"
"63059","Central Park Conservancy"
"63060","Central Park Conservancy"
"63061","Central Park Conservancy"
"63062","Central Park Conservancy"
"63063","Central Park Conservancy"
"63064","Central Park Conservancy"
"63065","Central Park Conservancy"
"63066","Central Park Conservancy"
"63067","Central Park Conservancy"
"63068","Central Park Conservancy"
"63069","Central Park Conservancy"
"63070","Central Park Conservancy"
"63071","Central Park Conservancy"
"63072","Central Park Conservancy"
"63073","Central Park Conservancy"
"63074","Central Park Conservancy"
"63075","NYC Parks"
"63076","GreenThumb"
"63077","Queens Recreation"
"63078","Central Park Conservancy"
"63079","Central Park Conservancy"
"63080","Central Park Conservancy"
"63081","Central Park Conservancy"
"63082","Central Park Conservancy"
"63083","Central Park Conservancy"
"63084","Central Park Conservancy"
"63085","Central Park Conservancy"
"63086","Central Park Conservancy"
"63087","Central Park Conservancy"
"63088","Central Park Conservancy"
"63089","Central Park Conservancy"
"63090","Central Park Conservancy"
"63091","Central Park Conservancy"
"63092","Central Park Conservancy"
"63093","Central Park Conservancy"
"63094","Central Park Conservancy"
"63095","Central Park Conservancy"
"63096","Central Park Conservancy"
"63097","Central Park Conservancy"
"63098","Central Park Conservancy"
"63099","Central Park Conservancy"
"63100","Central Park Conservancy"
"63101","Central Park Conservancy"
"63102","Central Park Conservancy"
"63103","Central Park Conservancy"
"63104","Central Park Conservancy"
"63105","Central Park Conservancy"
"63106","Central Park Conservancy"
"63107","Central Park Conservancy"
"63108","Central Park Conservancy"
"63109","Central Park Conservancy"
"63110","Central Park Conservancy"
"63111","Central Park Conservancy"
"63112","Central Park Conservancy"
"63113","Central Park Conservancy"
"63114","Central Park Conservancy"
"63115","Central Park Conservancy"
"63116","Central Park Conservancy"
"63117","Central Park Conservancy"
"63118","Historic House Trust"
"63119","GreenThumb"
"63119","LUNGS Loisada United Neighborhood Gardens"
"63120","GreenThumb"
"63120","LUNGS Loisada United Neighborhood Gardens"
"63121","Partnerships for Parks"
"63121","Volunteers for Isham Park"
"63121","NYC Parks"
"63121","Isham Park Restoration Program 1970, Inc."
"63121","Rotary Club of Inwood"
"63122","New York Botanical Garden"
"63123","New York Botanical Garden"
"63124","New York Botanical Garden"
"63125","New York Botanical Garden"
"63126","New York Botanical Garden"
"63127","New York Botanical Garden"
"63128","New York Botanical Garden"
"63129","New York Botanical Garden"
"63130","New York Botanical Garden"
"63131","New York Botanical Garden"
"63132","New York Botanical Garden"
"63133","New York Botanical Garden"
"63134","New York Botanical Garden"
"63135","New York Botanical Garden"
"63136","New York Botanical Garden"
"63137","New York Botanical Garden"
"63138","New York Botanical Garden"
"63139","New York Botanical Garden"
"63140","New York Botanical Garden"
"63141","New York Botanical Garden"
"63142","New York Botanical Garden"
"63143","New York Botanical Garden"
"63144","New York Botanical Garden"
"63145","GreenThumb"
"63145","NYC Compost Project in Queens"
"63146","Peaceful Valley Garden"
"63147","GreenThumb"
"63148","Clayton Williams Community Garden"
"63149","GreenThumb"
"63150","Wave Hill"
"63151","Wave Hill"
"63152","Wave Hill"
"63153","Stewardship Team"
"63154","Stewardship Team"
"63155","Nicole Pizarro"
"63156","Stewardship Team"
"63157","Stewardship Team"
"63158","Stewardship Team"
"63159","Stewardship Team"
"63160","Stewardship Team"
"63161","Nicole Pizarro"
"63162","Nicole Pizarro"
"63163","NYC Parks"
"63164","Stewardship Team"
"63165","Nicole Pizarro"
"63166","Nicole Pizarro"
