"organization_id","name","tax_id"
"1","LEGAL SERVICES NYC","13-2600199"
"2","THE LEGAL AID SOCIETY","13-5562265"
"3","GOODWILL INDUSTRIES OF GREATER NEW YORK AND NORTHERN NEW JERSEY INC","13-1641068"
"4","AMERICA WORKS OF NEW YORK INC","04-3030234"
"5","FEDCAP REHABILITATION SERVICES INC","13-5645879"
"6","NATIONAL ASSOCIATION ON DRUG ABUSE PROBLEMS (NEW YORK STATE) INC","13-3185808"
"7","EDUCATIONAL DATA SYSTEMS INC","38-2272565"
"8","DB GRANT ASSOCIATES INC","13-3961389"
"9","MAXIMUS HUMAN SERVICES INC","45-0553376"
"10","GAY MEN'S HEALTH CRISIS INC","13-3130146"
"11","SANCTUARY FOR FAMILIES INC","13-3193119"
"12","COMMUNITY MEDIATION SERVICES INC","11-2663007"
"13","NEW YORK CITY GAY AND LESBIAN ANTI-VIOLENCE PROJECT INC","13-3149200"
"14","BARRIER FREE LIVING INC","13-3059155"
"15","HELP SOCIAL SERVICE CORPORATION","13-3678724"
"16","NEW YORK ASIAN WOMEN'S CENTER INC","13-3286250"
"17","URBAN JUSTICE CENTER","13-3442022"
"18","EDWIN GOULD SERVICES FOR CHILDREN AND FAMILIES","13-5675643"
"19","SEAMEN'S SOCIETY FOR CHILDREN AND FAMILIES","13-5563010"
"20","VIOLENCE INTERVENTION PROGRAM INC","13-3540337"
"21","HRA",
"22","CAMBA INC","11-2480339"
"23","CATHOLIC CHARITIES NEIGHBORHOOD SERVICES INC","11-2047151"
"24","BRONXWORKS INC","13-3254484"
"25","CATHOLIC CHARITIES COMMUNITY SERVICES ARCHDIOCESE OF NEW YORK","13-5562185"
"26","RISEBORO",
"27","SUS - URGENT HOUSING PROGRAMS INC","32-0353562"
"28","EAST SIDE HOUSE INC","13-1623989"
"29","HENRY STREET SETTLEMENT","13-1562242"
"30","BEDFORD-STUYVESANT RESTORATION CORPORATION","11-6083182"
"31","ARBOR E&T LLC","46-0508470"
"32","URBAN UPBOUND",
"33","JEWISH COMMUNITY COUNCIL OF GREATER CONEY ISLAND INC","11-2665181"
"34","CENTER FOR THE ELIMINATION OF VIOLENCE IN THE FAMILY INC","11-2415837"
"35","DAY ONE NEW YORK INC","06-1103000"
"36","THE BOYS' CLUB OF NEW YORK","13-5591750"
"37","BRONXCONNECT",
"38","BROOKLYN COMMUNITY SERVICES/BROOKLYN BUREAU OF COMMUNITY SERVICE",
"39","CDI",
"40","CENTRAL QUEENS Y",
"41","CEO",
"42","CHCF",
"43","EXALT YOUTH","20-5540955"
"44","FORESTDALE INC","11-1631747"
"45","FUTURES AND OPTIONS","13-4063658"
"46","GOOD SHEPHERD SERVICES","13-5598710"
"47","GOSO",
"48","GRAHAM WINDHAM","13-2926426"
"49","HEARTSHARE / ST VINCENT'S SERVICES INC",
"50","THE HUDSON GUILD","13-5562989"
"51","JCCA",
"52","MOSHOLU MONTEFIORE COMMUNITY CENTER INC","13-3622107"
"53","NEW YORK FOUNDLING HOSPITAL",
"54","NYU LUTHERAN FAMILY HEALTH CENTER",
"55","OSBORNE ASSOCIATION INC",
"56","QUEENS COMMUNITY HOUSE INC","11-2375583"
"57","RECONNECT",
"58","RED HOOK INITIATIVE INC","20-3904662"
"59","ROCKING THE BOAT INC","13-4177814"
"60","SAMUEL FIELD YM & YWHA INC","11-3071518"
"61","SHELTERING ARMS CHILDREN AND FAMILY SERVICES INC","13-3709095"
"62","SOBRO",
"63","STANLEY M ISAACS NEIGHBORHOOD CENTER INC","13-2572034"
"64","STRIVE",
"65","SUNNYSIDE COMMUNITY SERVICES INC","51-0189327"
"66","THE CHILDREN'S AID SOCIETY","13-5562191"
"67","THE HOPE PROGRAM INC","13-3268539"
"68","THE KNOWLEDGE HOUSE FELLOWSHIP INC","47-2056164"
"69","THE NEW JEWISH HOME",
"70","UNION SETTLEMENT ASSOCIATION INC","13-1632530"
"71","YOUTH ACTION",
"72","YWCA BROOKLYN",
"73","EAST RIVER DEVELOPMENT ALLIANCE INC","86-1096987"
"74","NEW YORK FOUNDATION FOR SENIOR CITIZENS GUARDIAN SERVICES INC","13-3501671"
"75","SELFHELP COMMUNITY SERVICES INC","13-1624178"
"76","THE JEWISH ASSOCIATION FOR SERVICES FOR THE AGED","13-2620896"
"77","TRANSITIONAL SERVICES FOR NEW YORK INC","23-7376074"
"78","VILLAGE CENTER FOR CARE","13-2911059"
"79","ASIAN AMERICANS FOR EQUALITY INC","13-3187792"
"80","BOOM!HEALTH","13-3599121"
"81","BORO PARK JEWISH COMMUNITY COUNCIL","11-3475993"
"82","BOYS & GIRLS CLUB OF METRO QUEENS INC","11-1966067"
"83","BROOKLYN CHINESE-AMERICAN ASSOCIATION INC","11-3065859"
"84","BROOKLYN DEFENDER SERVICES","11-3305406"
"85","BROOKLYN LEGAL SERVICES CORPORATION A","13-2605599"
"86","CAMBA LEGAL SERVICES INC","11-3153831"
"87","CARIBBEAN WOMEN'S HEALTH ASSOCIATION INC","13-3323168"
"88","CATHOLIC MIGRATION SERVICES INC","11-2634818"
"89","CENTRAL AMERICAN LEGAL ASSISTANCE","11-2859151"
"90","COMPREHENSIVE DEVELOPMENT INC","13-3861648"
"91","COUNCIL OF JEWISH ORGANIZATIONS OF FLATBUSH INC","11-2864728"
"92","EMERALD ISLE IMMIGRATION CENTER INC","11-2932528"
"93","EVICTION INTERVENTION SERVICES","13-3311582"
"94","GODDARD RIVERSIDE COMMUNITY CENTER","13-1893908"
"95","HANAC INC","11-2290832"
"96","HOUSING CONSERVATION COORDINATORS INC","51-0141489"
"97","LSNY -BRONX CORPORATION","16-1759590"
"98","MAKE THE ROAD NEW YORK","11-3344389"
"99","MANHATTAN LEGAL SERVICES","13-2613958"
"100","MFY LEGAL SERVICES INC",
"101","MINKWON CENTER FOR COMMUNITY ACTION INC","11-2710506"
"102","NEIGHBORHOOD ASSOCIATION FOR INTER-CULTURAL AFFAIRS INC","13-2995128"
"103","NEW YORK LAWYERS FOR THE PUBLIC INTEREST INC","13-2860703"
"104","NEW YORK LEGAL ASSISTANCE GROUP INC","13-3505428"
"105","NORTHERN MANHATTAN COALITION FOR IMMIGRANT'S RIGHTS","13-3255591"
"106","NORTHERN MANHATTAN IMPROVEMENT CORPORATION","13-2972415"
"107","POLISH AND SLAVIC CENTER INC","11-2285970"
"108","QUEENS LEGAL SERVICES CORPORATION","13-2605604"
"109","RIDGEWOOD BUSHWICK SENIOR CITIZENS COUNCIL INC","11-2453853"
"110","SAFE HORIZON INC","13-2946970"
"111","SBH COMMUNITY SERVICE NETWORK INC","23-7406410"
"112","THE ANSOB CENTER FOR REFUGEES INC","11-3534833"
"113","THE BRONX DEFENDERS","13-3931074"
"114","THE DOOR - A CENTER OF ALTERNATIVES INC","13-6127348"
"115","THE HAITIAN AMERICANS UNITED FOR PROGRESS INC","11-2423857"
"116","UNITED JEWISH ORGANIZATIONS OF WILLIAMSBURG INC","11-2728233"
"117","UNLOCAL INC","41-2278265"
"118","VERA INSTITUTE OF JUSTICE INC","13-1941627"
"119","WEST BRONX HOUSING AND NEIGHBORHOOD RESOURCE CENTER INC","13-2941841"
"120","YOUTH MINISTRIES FOR PEACE AND JUSTICE","13-4006535"
"121","SOUTH ASIAN YOUTH ACTION (SAYA!) INC","13-3943630"
"122","BOYS & GIRLS HARBOR INC","13-6015256"
"123","JOHN W. LAVELLE PREPARATORY CHARTER SCHOOL",
"124","GLOBAL KIDS INC","13-3629485"
"125","MANHATTAN YOUTH RECREATION AND RESOURCES INC","13-3323378"
"126","THE EDUCATIONAL ALLIANCE INC","13-5562210"
"127","UNIVERSITY SETTLEMENT SOCIETY OF NEW YORK INC","13-5562374"
"128","YMCA OF GREATER NEW YORK/CORPORATE",
"129","COALITION FOR HISPANIC FAMILY SERVICES","13-3546023"
"130","JEWISH COMMUNITY CENTER OF STATEN ISLAND INC","13-5562256"
"131","POLICE ATHLETIC LEAGUE INC","13-5596811"
"132","AFTER-SCHOOL ALL-STARS","95-4441208"
"133","PRATT AREA COMMUNITY COUNCIL INC","11-2451752"
"134","UNITED ACTIVITIES UNLIMITED INC","13-2921483"
"135","PHIPPS NEIGHBORHOODS INC","13-2707665"
"136","AMERICAN INSTITUTES FOR RESEARCH","25-0965219"
"137","BERGEN BASIN COMMUNITY DEVELOPMENT CORPORATION","11-3199040"
"138","PARTNERSHIP WITH CHILDREN INC","13-5596751"
"139","SESAME FLYERS INTERNATIONAL INC","11-2692485"
"140","SPORTS AND ARTS IN SCHOOL FOUNDATION INC","11-3112635"
"141","WESTHAB INC","06-1064281"
"142","THE LOWER EASTSIDE GIRLS CLUB OF NEW YORK INC","13-3942063"
"143","ST NICKS ALLIANCE CORP.","51-0192170"
"144","BROOKLYN BUREAU OF COMMUNITY SERVICES","11-1630780"
"145","THE GREATER RIDGEWOOD YOUTH COUNCIL INC","11-2518141"
"146","SCAN-NEW YORK VOLUNTEER PARENT-AIDES ASSOCIATION INC","13-2912963"
"147","RESEARCH FOUNDATION OF THE CITY UNIVERSITY OF NEW YORK","13-1988190"
"148","JACOB A RIIS NEIGHBORHOOD SETTLEMENT","11-1729398"
"149","CITY YEAR INC","22-2882549"
"150","BERGEN BEACH YOUTH ORGANIZATION INC","11-2598350"
"151","YMCA OF GREATER NEW YORK/CROSS ISLAND",
"152","GIRLS INCORPORATED OF NEW YORK CITY","13-4028433"
"153","NEW YORK CENTER FOR INTERPERSONAL DEVELOPMENT INC","23-7085239"
"154","CITY PARKS FOUNDATION INC","13-3561657"
"155","P2L PATHWAYS TO LEADERSHIP","38-3886413"
"156","SHOREFRONT YM-YWHA OF BRIGHTON-MANHATTAN BEACH INC","11-3070228"
"157","TEAM FIRST INC","27-5273049"
"158","PLAY STUDY WIN INC","26-1486500"
"159","CONSCIENTIOUS MUSICAL REVUES CORPORATION","06-1278112"
"160","YMCA OF GREATER NEW YORK/JAMAICA BRANCH",
"161","SOUTHERN QUEENS PARK ASSOCIATION INC","11-2432846"
"162","DREAMYARD PROJECT INC","13-3759661"
"163","FEDERATION OF ITALIAN-AMERICAN ORGANIZATIONS OF BROOKLYN LTD","11-2507910"
"164","BLACK SPECTRUM THEATRE COMPANY INC","51-0135262"
"165","THE SALVATION ARMY","13-5562351"
"166","BROOKLYN CHILDREN'S MUSEUM CORPORATION","11-2495664"
"167","FLATBUSH DEVELOPMENT CORPORATION","51-0188251"
"168","YWCA OF THE CITY OF NEW YORK (MAIN BRANCH)",
"169","GRAND STREET SETTLEMENT INC","13-5562230"
"170","SAUTI YETU CENTER FOR AFRICAN WOMEN INC","20-1209795"
"171","ASPIRA OF NEW YORK INC","13-6204790"
"172","LEARNING THROUGH AN EXPANDED ARTS PROGRAM INC","13-2925233"
"173","POLICY STUDIES ASSOCIATES INC","52-1265755"
"174","COMMUNITY PARTNERSHIP CHARTER SCHOOL EDUCATION CORPORATION","13-4120509"
"175","EL PUENTE DE WILLIAMSBURG INC","11-2614265"
"176","THE NEIGHBORHOOD SELF HELP BY OLDER PERSONS PROJECT INC","13-3077047"
"177","CHINESE-AMERICAN PLANNING COUNCIL INC","13-6202692"
"178","CHILD DEVELOPMENT CENTER OF THE MOSHOLU MONTEFIORE COMMUNITY CENTER INC","13-3622106"
"179","JEWISH COMMUNITY COUNCIL OF CANARSIE INC","11-2608645"
"180","NIA COMMUNITY SERVICES NETWORK INC","11-2697931"
"181","NEW YORK PUBLIC LIBRARY",
"182","XPOSURE FOUNDATION INC","26-0160228"
"183","CATHOLIC CHARITIES OF STATEN ISLAND INC","13-5562286"
"184","THE CHILDREN'S VILLAGE","13-1739945"
"185","SCHOOL SETTLEMENT ASSOCIATION","11-1646304"
"186","URBAN STRATEGIES INC","11-2484364"
"187","THE CHILD CENTER OF NY INC","11-1733454"
"188","BED-STUY CAMPAIGN AGAINST HUNGER INC","20-0934854"
"189","WOMEN'S HOUSING AND ECONOMIC DEVELOPMENT CORPORATION","11-3099604"
"190","SOUTH BRONX OVERALL ECONOMIC DEVELOPMENT CORPORATION","13-2736022"
"191","KIPP NEW YORK INC","20-3971209"
"192","ASCEND LEARNING INC","33-1200239"
"193","HARLEM DOWLING - WEST SIDE CENTER FOR CHILDREN AND FAMILY SERVICES","13-3030378"
"194","NORTH BROOKLYN DEVELOPMENT CORPORATION","11-2555446"
"195","RISEBORO COMMUNITY PARTNERSHIP INC",
"196","PROJECT HOSPITALITY INC","13-3234441"
"197","SHOREFRONT JEWISH COMMUNITY COUNCIL INC","11-2986161"
"198","CHILDRENS ARTS & SCIENCE WORKSHOPS INC","13-2752494"
"199","ACHIEVEMENT FIRST","65-1203744"
"200","NEW YORK JUNIOR TENNIS LEAGUE INC","23-7442256"
"201","HARRIMAN SUMMER CAMP S-11 INC","20-8600191"
"202","HARLEM CHILDREN'S ZONE INC","23-7112974"
"203","BROOKLYN LEGAL SERVICES","13-2605605"
"204","SCO FAMILY OF SERVICES","11-2777066"
"205","DIRECTIONS FOR OUR YOUTH INC","06-1308851"
"206","FAMILY LIFE ACADEMY CHARTER SCHOOLS","13-4170389"
"207","YMCA OF GREATER NEW YORK/STATEN ISLAND SOUTH SHORE",
"208","AFRICAN REFUGE INC","01-0873188"
"209","ITALIAN AMERICAN CIVIL RIGHTS LEAGUE","11-2352099"
"210","YMCA OF GREATER NEW YORK/FLATBUSH BRANCH",
"211","CENTER FOR THE INTEGRATION AND ADVANCEMENT OF NEW AMERICANS INC (CIANA)","74-3184835"
"212","YESHIVA KEHILATH YAKOV","11-6003354"
"213","HOMECREST COMMUNITY SERVICES INC","11-3373115"
"214","THE CRENULATED COMPANY LTD.","14-1719016"
"215","ECUMENICAL COMMUNITY DEVELOPMENT ORGANIZATION","13-3160099"
"216","BROOKLYN NEIGHBORHOOD IMPROVEMENT ASSN INC","11-2538550"
"217","THE FRIENDS OF CROWN HEIGHTS EDUCATIONAL CENTERS INC","11-2305641"
"218","82ND STREET ACADEMICS","20-0788352"
"219","THE ARAB-AMERICAN FAMILY SUPPORT CENTER INC","11-3167245"
"220","REEL STORIES TEEN FILMMAKING INC","20-0936377"
"221","YMCA OF GREATER NEW YORK/WEST SIDE",
"222","LEAKE AND WATTS SERVICES INC","13-1860451"
"223","WOODYCREST CENTER FOR HUMAN DEVELOPMENT INC","13-3184179"
"224","YMCA OF GREATER NEW YORK/FLUSHING",
"225","RESEARCH FOUNDATION OF CUNY/ MEDGAR EVERS COLLEGE",
"226","OASIS COMMUNTIY CORPORATION DBA ROADS TO SUCCESS",
"227","NATIONAL SOCIETY FOR HEBREW DAY SCHOOLS","13-5564128"
"228","COMMUNITY ASSOCIATION OF PROGRESSIVE DOMINICANS INC","13-3266145"
"229","TOGETHER WE ARE","27-0213447"
"230","MIDWOOD DEVELOPMENT CORP","11-2420752"
"231","CITIZEN SCHOOLS INC","04-3259160"
"232","ART START INCORPORATED","13-4048380"
"233","OPPORTUNITIES FOR A BETTER TOMORROW INC","11-2934620"
"234","COMMUNITY COUNSELING AND MEDIATION SERVICES INC",
"235","QUEENS BOROUGH PUBLIC LIBRARY","11-1904262"
"236","HOUSING AND FAMILY SERVICES OF GREATER NEW YORK INC","11-2412584"
"237","PURELEMENTS: AN EVOLUTION IN DANCE INC","20-5332584"
"238","INDOCHINA SINO-AMERICAN SENIOR CITIZEN CENTER","13-3584616"
"239","THE B.E.L.L. FOUNDATION INC","04-3182053"
"240","NOEL POINTER FOUNDATION INC","11-3271472"
"241","NEW YORK CITY MISSION SOCIETY","13-5562301"
"242","NASRY MICHELEN DAY CARE CENTER INC","20-3108162"
"243","HOMES FOR THE HOMELESS INC","13-3351420"
"244","IMANI HOUSE INC","11-3055131"
"245","EAST HARLEM TUTORIAL PROGRAM INC","23-7439789"
"246","ROCKAWAY DEVELOPMENT AND REVITALIZATION CORPORATION","11-2575794"
"247","KIPS BAY BOYS & GIRLS CLUB INC","13-1623850"
"248","YMCA OF GREATER NEW YORK/PROSPECT PARK",
"249","YMCA OF GREATER NEW YORK/BEDFORD STUYVESANT",
"250","MORNINGSIDE CENTER FOR TEACHING SOCIAL RESPONSIBILITY INC","13-3185340"
"251","YMCA OF GREATER NEWYORK-BRONX YMCA",
"252","SUNSET PARK HEALTH COUNCIL INC","20-2508411"
"253","HARLEM RBI INCORPORATED","13-4025290"
"254","RESEARCH FOUNDATION OF CUNY/ CUNY CREATIVE ARTS TEAM",
"255","STRYCKER'S BAY NEIGHBORHOOD COUNCIL","13-1943516"
"256","INWOOD COMMUNITY SERVICES INC","13-3087407"
"257","KOREAN COMMUNITY SERVICES OF METROPOLITAN NEW YORK INC","23-7348989"
"258","THE LESBIAN GAY BISEXUAL & TRANSGENDER COMMUNITY CENTER",
"259","NEW YORK PUBLIC LIBRARY - WEST FARMS LIBRARY",
"260","YMCA OF GREATER NEW YORK/DODGE",
"261","THE COMMITTEE FOR HISPANIC CHILDREN AND FAMILIES INC","11-2622003"
"262","VARIETY BOYS & GIRLS CLUB OF QUEENS INC","11-6014770"
"263","COMMUNITY LEAGUE OF THE HEIGHTS INC","13-2564241"
"264","THE BROTHERHOOD/SISTER SOL INC","13-3857387"
"265","ECKERD YOUTH ALTERNATIVES INC","59-2551416"
"266","YMCA OF GREATER NEW YORK/HARLEM BRANCH",
"267","MADISON SQUARE BOYS & GIRLS CLUB INC","13-5596792"
"268","CITY GROWERS INC","45-2149344"
"269","AGUDATH ISRAEL OF AMERICA COMMUNITY SERVICES INC","13-3975090"
"270","DIVAS FOR SOCIAL JUSTICE INC","30-0475160"
"271","CENTRAL QUEENS YOUNG MEN'S AND YOUNG WOMEN'S HEBREW ASSOCIATION INC","11-1633509"
"272","HELLENIC AMERICAN NEIGHBORHOOD ACTION COMMITTEE (HANAC)",
"273","SAPNA NYC INC","26-3124969"
"274","CASITA MARIA INC","13-1623994"
"275","YMCA OF GREATER NEW YORK/VANDERBILT",
"276","BRONX HOUSE INC","13-1739935"
"277","NYSARC INC NYC CHAPTER","13-5596746"
"278","KIPP ACADEMY CHARTER SCHOOL","11-3550982"
"279","INNOVATEEDU INC","46-3636238"
"280","CYPRESS HILLS LOCAL DEVELOPMENT CORPORATION INC","11-2683663"
"281","RIVERSIDE LANGUAGE PROGRAM INC","13-3280364"
"282","BRIDGE STREET DEVELOPMENT CORPORATION","11-3250772"
"283","SOUTHEAST BRONX NEIGHBORHOOD CENTERS INC","13-2675560"
"284","KINGSBRIDGE HEIGHTS COMMUNITY CENTER","13-2813809"
"285","SERIOUS FUN AFTER SCHOOL INC","27-3013125"
"286","YMCA OF GREATER NEW YORK/VIRTUAL Y",
"287","RESEARCH FOUNDATION OF CUNY ON BEHALF OF LAGUARDIA COMM COLL",
"288","RESEARCH FOUNDATION OF CUNY/LAGUARDIA COMMUNITY COLLEGE",
"289","CONEY ISLAND GENERATION GAP REUNION COMMITTEE CORP","20-8562533"
"290","FIFTH AVENUE COMMITTEE INC","11-2475743"
"291","RIVERDALE NEIGHBORHOOD HOUSE INC","13-1740024"
"292","THE FORTUNE SOCIETY INC","13-2645436"
"293","PENCIL INC","22-3384302"
"294","LONG ISLAND UNIVERSITY","11-1633516"
"295","BROOKLYN PROSPECT CHARTER SCHOOL","26-3206518"
"296","NEIGHBORHOOD INITIATIVES DEVELOPMENT CORP","13-3110811"
"297","KINGS BAY YM-YWHA INC","11-3068515"
"298","YM-YWHA OF WASHINGTON HEIGHTS INWOOD",
"299","NY TIBETAN SERVICE CENTER INC","46-1719758"
"300","NEW YORK PUBLIC LIBRARY - BRONX LIBRARY CENTER",
"301","FUND FOR THE CITY OF NEW YORK INC","13-2612524"
"302","YMCA OF GREATER NEW YORK/LONG ISLAND CITY",
"303","HANDS IN 4 YOUTH OF NY INC","13-6140816"
"304","ALI FORNEY CENTER","30-0104507"
"305","APEX FOR YOUTH INC","13-3650718"
"306","MERCY CENTER INC","13-3865634"
"307","CARDINAL MCCLOSKEY COMMUNITY SERVICES",
"308","WOODSIDE ON THE MOVE INC","11-2435565"
"309","CENTRAL HARLEM SENIOR CITIZENS' CENTERS INC","13-2754783"
"310","ABRAHAM HOUSE","13-3721924"
"311","SUNSET BAY COMMUNITY SERVICES INC","11-2439925"
"312","RENAISSANCE YOUTH CENTER","13-4122438"
"313","NORTHSIDE CENTER FOR CHILD DEVELOPMENT INC","13-1656679"
"314","ST JOHN'S UNIVERSITY NEW YORK","11-1630830"
"315","THE RENAISSANCE CHARTER SCHOOL",
"316","CLAREMONT NEIGHBORHOOD CENTERS INC","13-6016450"
"317","ST MARY'S DEVELOPMENTAL CENTER FOR CHILDREN AND FAMILIES INC","45-2563642"
"318","HARLEM COMMONWEALTH COUNCIL INC","13-6271908"
"319","CHHAYA COMMUNITY DEVELOPMENT CORPORATION","11-3580935"
"320","MASPETH TOWN HALL INC","23-7259702"
"321","WISE-WORKING IN SUPPORT OF EDUCATION INC","13-4024627"
"322","AL-MADINAH SCHOOL","11-3582303"
"323","CROWN HEIGHTS JEWISH COMMUNITY COUNCIL INC","23-7390996"
"324","FRIENDS OF ISLAND ACADEMY INC","13-3576756"
"325","MONTEFIORE MEDICAL CENTER","13-1740114"
"326","EL BARRIO'S OPERATION FIGHTBACK INC","13-3248777"
"327","COUNSELING IN SCHOOLS","13-3637647"
"328","THE YOUNG WOMEN'S CHRISTIAN ASSOCIATION OF QUEENS","20-0351906"
"329","TURNING POINT BROOKLYN INC","11-2838138"
"330","AFRICAN SERVICES COMMITTEE INC","13-3749744"
"331","DEVELOPMENT OUTREACH INC","13-2997764"
"332","GIRLS PREPARATORY CHARTER SCHOOL OF NEW YORK","81-0650329"
"333","CENTRAL BROOKLYN ECONOMIC DEVELOPMENT CORPORATION","11-2981085"
"334","THE KOREAN-AMERICAN FAMILY SERVICE CENTER INC","13-3609811"
"335","FRESH YOUTH INITIATIVES INC","13-3723207"
"336","BROOKLYN PUBLIC LIBRARY - BEDFORD LEARNING CENTER",
"337","CHILDREN OF PROMISE NYC","83-0440009"
"338","BRIENZA'S EDUCARE INC","26-1537523"
"339","I CHALLENGE MYSELF","56-2423423"
"340","COUNCIL OF PEOPLES ORGANIZATION INC","75-3046891"
"341","WILDCAT SERVICE CORPORATION","13-2725423"
"342","ROCKAWAY WATERFRONT ALLIANCE","11-3783397"
"343","YOUNG ATHLETES INC","13-3967852"
"344","JEWISH INSTITUTE OF QUEENS","54-2068797"
"345","THE ARTS CONNECTION INC","13-2953240"
"346","RIVERDALE COMMUNITY CENTER INC","13-2899410"
"347","BROOKLYN PUBLIC LIBRARY - NEW LOTS BRANCH",
"348","POLONIANS ORGANIZED TO MINISTER TO OUR COMMUNITY INC","11-2594500"
"349","BE'ER HAGOLAH INSITUTES INC","11-2501388"
"350","CHINATOWN MANPOWER PROJECT INC","13-2755214"
"351","NEW YORK URBAN LEAGUE",
"352","ARGUS COMMUNITY INC","23-7359002"
"353","YMCA OF GREATER NEW YORK/GREENPOINT",
"354","YMCA OF GREATER NEW YORK/STATEN ISLAND BROADWAY CENTER",
"355","EDITH AND CARL MARKS JEWISH COMMUNITY HOUSE OF BENSONHURST INC","11-1633484"
"356","YOUNG DANCERS IN REPERTORY INC","11-2799128"
"357","IMMIGRANT SOCIAL SERVICES INC","13-2689273"
"358","YMCA OF GREATER NEW YORK/CHINATOWN",
"359","BEDFORD STUYVESANT NEW BEGINNINGS CHARTER SCHOOL","27-1993286"
"360","NEW YORK CITY HOUSING AUTHORITY",
"361","HEBREW EDUCATIONAL SOCIETY","11-1642720"
"362","FORT GREENE COUNCIL INC","11-2300840"
"363","SIMPSON STREET DEVELOPMENT ASSOCIATION INC","13-3082529"
"364","OPUS DANCE THEATRE & COMMUNITY SERVICES INC","13-3548252"
"365","RIVERSTONE SENIOR LIFE SERVICES INC","13-3355074"
"366","ST VINCENT'S SERVICES INC","11-1631823"
"367","INTERBOROUGH DEVELOPMENTAL AND CONSULTATION CENTER INC","23-7358415"
"368","COMMUNITY SERVICE SOCIETY OF NEW YORK","13-5562202"
"369","THE NEW YORK FOUNDLING HOSPITAL","13-1624123"
"370","PLANNED PARENTHOOD OF NEW YORK CITY INC","13-2621497"
"371","TURNAROUND FOR CHILDREN INC","06-1495529"
"372","COVENANT HOUSE",
"373","PROVIDENCE HOUSE INC","11-2594653"
"374","GEEL COMMUNITY SERVICES INC","13-3042012"
"375","ODYSSEY HOUSE INC","13-6217765"
"376","INSTITUTE FOR COMMUNITY LIVING INC","13-3306195"
"377","WEST END RESIDENCES HOUSING DEVELOPMENT FUND COMPANY INC","13-3442001"
"378","CENTER FOR ALTERNATIVE SENTENCING EMPLOYMENT SERVICES INC","13-2668080"
"379","QSAC INC","11-2482974"
"380","ASSOCIATION FOR METROAREA AUTISTIC CHILDREN INC","13-1974582"
"381","ASSOCIATION TO BENEFIT CHILDREN","13-3303089"
"382","A VERY SPECIAL PLACE INC","13-3005006"
"383","BROOKLYN COMMUNITY HOUSING AND SERVICES INC","11-2549027"
"384","OHEL CHILDREN'S HOME AND FAMILY SERVICES INC","11-6078704"
"385","LESBIAN AND GAY COMMUNITY SERVICES CENTER INC","13-3217805"
"386","FEDERATION OF ORGANIZATIONS FOR THE NEW YORK STATE MENTALLY DISABLED INC","23-7237931"
"387","COMMUNITY ACCESS INC","23-7399839"
"388","GREENWICH HOUSE INC","13-5562204"
"389","JEWISH CHILD CARE ASSOCIATION OF NEW YORK","13-1624060"
"390","THE BRIDGE INC","13-1919799"
"391","FAITH MISSION ALCOHOL CRISIS CENTER INC","11-3017720"
"392","LIFESPIRE INC","13-2526022"
"393","JEWISH BOARD OF FAMILY AND CHILDREN'S SERVICES INC","13-5564937"
"394","CENTER FOR URBAN COMMUNITY SERVICES INC","13-3687891"
"395","POSTGRADUATE CENTER FOR MENTAL HEALTH","13-1656681"
"396","THE MENTAL HEALTH ASSOCIATION OF NEW YORK CITY INC","13-2637308"
"397","AMETHYST HOUSE INC","22-2321612"
"398","WESTON UNITED COMMUNITY RENEWAL INC","13-3466166"
"399","STATEN ISLAND MENTAL HEALTH SOCIETY INC","13-5623279"
"400","BALTIC STREET AEH INC","11-3046556"
"401","NATIONAL ALLIANCE FOR THE MENTALLY ILL OF NEW YORK CITY INC",
"402","MENTAL HEALTH PROVIDERS OF WESTERN QUEENS INC","11-2700062"
"403","FOUNTAIN HOUSE INC","13-1624009"
"404","LONG ISLAND JEWISH MEDICAL CENTER","11-2241326"
"405","LANTERN COMMUNITY SERVICES INC","13-3910692"
"406","BETH ISRAEL MEDICAL CENTER","13-5564934"
"407","LEXINGTON CENTER FOR MENTAL HEALTH SERVICES INC","11-2542317"
"408","ST DOMINIC'S HOME",
"409","STATEN ISLAND BEHAVIORAL NETWORK INC",
"410","SERVICES FOR THE UNDERSERVED INC","91-1918247"
"411","ON YOUR MARK INC","13-3128315"
"412","PROJECT RENEWAL INC","13-2602882"
"413","COMUNILIFE INC","13-3530299"
"414","EPISCOPAL HEALTH SERVICES INC","11-1665825"
"489","PALLADIA INC","23-7089380"
"415","THE RESEARCH FOUNDATION FOR THE STATE UNIVERSITY OF NEW YORK","14-1368361"
"416","URBAN PATHWAYS INC","13-2933675"
"417","ST LUKE'S - ROOSEVELT HOSPITAL",
"418","VISITING NURSE SERVICE OF NEW YORK HOME CARE II","13-1624211"
"419","THE MOMENTUM PROJECT INC","13-3556768"
"420","MIDDLE COLLEGIATE CHURCH",
"421","ST PETER'S LUTHERAN CHURCH",
"422","CHURCH OF GOD OF PROPHECY",
"423","HARM REDUCTION CENTER",
"424","ST JOHN'S LUTHERAN CHURCH",
"425","BROOKDALE UNIVERSITY HOSPITAL AND MEDICAL CENTER","11-1631746"
"426","INTERFAITH MEDICAL CENTER","11-2626155"
"427","PUBLIC HEALTH SOLUTIONS","13-5669201"
"428","RICHMOND HOME NEED SERVICES INC","13-2688124"
"429","THE MOUNT SINAI HOSPITAL","13-1624096"
"430","NEW YORK DISASTER INTERFAITH SERVICES",
"431","MORRIS HEIGHTS HEALTH CENTER INC","06-1081232"
"432","ROCKLAND COUNTY",
"433","VOLUNTEERS OF AMERICA - GREATER NEW YORK INC","58-1959781"
"434","BAILEY HOUSE INC","13-3165181"
"435","HARLEM UNITED: COMMUNITY AIDS CENTER INC","13-3461695"
"436","ENCORE COMMUNITY SERVICES","13-3104293"
"437","WEST SIDE FEDERATION FOR SENIOR AND SUPPORTIVE HOUSING INC","13-2926433"
"438","HERITAGE HEALTH AND HOUSING INC","13-2661509"
"439","CECIL HOUSING DEVELOPMENT FUND CORPORATION","14-2012874"
"440","THE JERICHO PROJECT","13-3213525"
"441","THE LOWER EAST SIDE SERVICE CENTER INC","13-1972876"
"442","PIBLY RESIDENTIAL PROGRAMS INC","13-3396313"
"443","PROMESA INC","13-2663328"
"444","PRAXIS HOUSING INITIATIVES INC","13-3832223"
"445","SERVICE PROGRAM FOR OLDER PEOPLE INC","13-2947616"
"446","THE DOE FUND INC","13-3412540"
"447","UNIQUE PEOPLE SERVICES INC","13-3636555"
"448","SINGLE PARENT RESOURCE CENTER INC","13-3030376"
"449","STATEN ISLAND AID FOR RETARDED CHILDREN INC","13-5660279"
"450","AIDS CENTER OF QUEENS COUNTY INC","11-2837894"
"451","NATIONAL COMMITTEE FOR THE FURTHERANCE OF JEWISH EDUCATION","11-6003180"
"452","THE NEIGHBORHOOD COALITION FOR SHELTER INC","13-3176586"
"453","HAMILTON-MADISON HOUSE INC","13-5562412"
"454","THE EPILEPSY INSTITUTE","13-2608325"
"455","UPPER MANHATTAN MENTAL HEALTH CENTER INC","13-3389470"
"456","LUTHERAN SOCIAL SERVICES OF METROPOLITAN NEW YORK INC","13-2658548"
"457","BERKSHIRE FARM CENTER AND SERVICES FOR YOUTH","14-1368125"
"458","BREAKING GROUND HOUSING DEVELOPMENT FUND CORPORATION","11-3048002"
"459","BOWERY RESIDENTS' COMMITTEE INC","13-2736659"
"460","LENOX HILL NEIGHBORHOOD HOUSE INC","13-1628180"
"461","HOUR CHILDREN INC","13-3647412"
"462","VOCATIONAL INSTRUCTION PROJECT COMMUNITY SERVICES INC","13-3224700"
"463","RIVERDALE MENTAL HEALTH ASSOCIATION",
"464","PSCH INC","11-2542430"
"465","HEIGHTS HILL MENTAL HEALTH SERVICE COMMUNITY ADVISORY BOARD INC","11-2785605"
"466","NEW YORK AND PRESBYTERIAN HOSPITAL",
"467","ST FRANCIS FRIENDS OF THE POOR INC",
"468","HUMAN SERVICES COUNCIL OF NEW YORK INC","13-3620059"
"469","STATEN ISLAND UNIVERSITY HOSPITAL","11-2868878"
"470","LIFTING UP WESTCHESTER INC",
"471","RECAP (ORANGE COUNTY)",
"472","PATHSTONE (ORANGE COUNTY)",
"473","ST JOSEPH'S HOSPITAL",
"474","NEW YORK PRESBYTERIAN HOSPITAL",
"475","THE OSBORNE ASSOCIATION INC","13-5563028"
"476","TOWNSHIP OF WOODBRIDGE",
"477","OCEAN COUNTY BOARD OF SOCIAL SERVICES",
"478","COUNTY OF MONMOUTH NJ",
"479","BLUE STATE DIGITAL INC",
"480","UNITED JEWISH COUNCIL OF THE EAST SIDE INC","13-2735378"
"481","RICHMOND MEDICAL CENTER","74-3177454"
"482","THE CENTER FOR FAMILY SUPPORT INC","13-1913807"
"483","EMPLOYMENT PROGRAM FOR RECOVERED ALCOHOLICS INC","13-3344661"
"484","CLINTON HOUSING DEVELOPMENT COMPANY INC","13-2851988"
"485","COLUMBA SERVICES INC","13-4119067"
"486","JOB PATH INC","13-4038495"
"487","YOUNG ADULT INSTITUTE INC","11-2030172"
"488","URBAN RESOURCE INSTITUTE","11-2561648"
"490","THE GUILD FOR EXCEPTIONAL CHILDREN INC","11-6037766"
"491","ACMH INC","23-7293784"
"492","ASSOCIATION FOR NEUROLGICALLY IMPAIRED BRAIN INJURED CHILDREN INC","11-2348663"
"493","UNIVERSITY CONSULTATION AND TREATMENT CENTER FOR MENTAL HYGIENE INC","13-1944395"
"494","EDEN II SCHOOL FOR AUTISTIC CHILDREN INC","13-2872916"
"495","ASTOR SERVICES FOR CHILDREN AND FAMILIES","14-1397918"
"496","HOUSING WORKS INC","13-3584089"
"497","AHRC HEALTH CARE INC","13-4032078"
"498","WEST HARLEM GROUP ASSISTANCE INC","23-7169558"
"499","UNITED CEREBRAL PALSY OF NEW YORK CITY DBA ADAPT COMMUNITY NETWORK","13-5654532"
"500","VENTURE HOUSE INC","11-2890587"
"501","GOTHAM PER DIEM INC","13-3081475"
"502","RESEARCH FOUNDATION FOR MENTAL HYGIENE INC","14-1410842"
"503","THE SAMARITANS OF NEW YORK INC","13-3164464"
"504","BROWNSVILLE COMMUNITY DEVELOPMENT CORPORATION","11-2544630"
"505","IRIS HOUSE: A CENTER FOR WOMEN LIVING WITH HIV INC","13-3699201"
"506","COMMUNITY HEALTH ACTION OF STATEN ISLAND INC","13-3556132"
"507","FACES NY INC","13-3449087"
"508","BRIDGING ACCESS TO CARE INC","11-3031208"
"509","BRONX-LEBANON HOSPITAL CENTER","13-1974191"
"510","WOMEN IN NEED INC","13-3164477"
"511","COMMUNITY HEALTH PROJECT INC","13-3409680"
"512","HHC BELLEVUE HOSPITAL CENTER",
"513","HHC WOODHULL MEDICAL AND MENTAL HEALTH CENTER",
"514","HHC JACOBI MEDICAL CENTER",
"515","HHC HARLEM HOSPITAL CENTER",
"516","HHC KINGS COUNTY HOSPITAL CENTER",
"517","ST BARNABAS HOSPITAL","13-1740122"
"518","HHC ELMHURST HOSPITAL CENTER",
"519","APICHA COMMUNITY HEALTH CENTER","13-3706365"
"520","WYCKOFF HEIGHTS MEDICAL CENTER",
"521","THE INSTITUTE FOR FAMILY HEALTH","13-3273402"
"522","VOCES LATINAS CORP","20-2312651"
"523","WILLIAM F RYAN COMMUNITY HEALTH CENTER INC","13-2884976"
"524","GOD'S LOVE WE DELIVER INC","13-3366846"
"525","AIDS SERVICE CENTER OF LOWER MANHATTAN INC","13-3562071"
"526","LA NUEVA ESPERANZA INC","20-4393724"
"527","CARE FOR THE HOMELESS","13-3666994"
"528","HHC METROPOLITAN HOSPITAL CENTER",
"529","HHC QUEENS HOSPITAL CENTER",
"530","HHC LINCOLN MEDICAL & MENTAL HEALTH CENTER",
"531","THE HETRICK-MARTIN INSTITUTE INC","13-3104537"
"532","HISPANIC AIDS FORUM INC","13-3422748"
"533","AFTER HOURS PROJECT","33-1007278"
"534","COMMUNITY HEALTHCARE NETWORK INC","13-3083068"
"535","FAMILY SERVICES NETWORK OF NEW YORK INC","11-2592651"
"536","UNITED COMMUNITY CENTERS INC","11-1950787"
"537","WASHINGTON HEIGHTS CORNER PROJECT INC","20-8672015"
"538","QUEENS LESBIAN & GAY COMMUNITY CENTER INC (D/B/A QUEENS PRIDE HOUSE)",
"539","NEW YORK HARM REDUCTION EDUCATORS INC","13-3678499"
"540","TOLENTINE-ZEISER COMMUNITY LIFE CENTER INC","13-3131888"
"541","COUNTY OF ROCKLAND DEPARTMENT OF HEALTH",
"542","TOUCH - TOGETHER OUR UNITY CAN HEAL INC",
"543","HUDSON VALLEY COMMUNITY SERVICES INC",
"544","THE FAMILY CENTER INC","13-3910716"
"545","LATINO COMMISSION ON AIDS INC","13-3629466"
"546","VOICES OF COMMUNITY ACTIVISTS & LEADERS (VOCAL-NY) INC","13-4094385"
"547","HHC",
"548","OPEN DOOR FAMILY MEDICAL CENTER INC",
"549","MOUNT VERNON NEIGHBORHOOD HEALTH CENTER INC",
"550","GREYSTON HEALTH SERVICES INC",
"551","ST JOHN'S RIVERSIDE HOSPITAL",
"552","WESTCHESTER COUNTY HEALTH CARE CORP",
"553","HUDSON RIVER HEALTHCARE INC",
"554","FAMILY SERVICES OF WESTCHESTER INC",
"555","HAITIAN CENTERS COUNCIL INC","11-2648501"
"556","ST ANN'S CORNER OF HARM REDUCTION INC","13-3724008"
"557","NEW YORK COUNCIL ON ADOPTABLE CHILDREN INC","23-7269678"
"558","LA CASA DE SALUD INC","02-0693325"
"559","TRANSLATINA NETWORK INC","47-4807380"
"560","GILDA'S CLUB NEW YORK CITY INC","13-4046652"
"561","COMMUNITY RESEARCH INITIATIVE ON AIDS INC","13-3632234"
"562","GAY MEN OF AFRICAN DESCENT INC","13-3597820"
"563","HARM REDUCTION COALITION INC","94-3204958"
"564","DIASPORA COMMUNITY SERVICES INC","11-3122295"
"565","CLERGY UNITED FOR COMMUNITY EMPOWERMENT","11-3030795"
"566","COALITION ON POSITIVE HEALTH EMPOWERMENT INC","27-2654975"
"567","NATIONAL BLACK LEADERSHIP COMMISSION ON AIDS INC","13-3530740"
"568","AID FOR AIDS INTERNATIONAL","13-3954568"
"569","SECOND CHANCE RESOURCES GROUP INC","45-4345759"
"570","TRANSGENDER LEGAL DEFENSE & EDUCATION FUND INC","04-3762842"
"571","WOMEN'S PRISON ASSOCIATION AND HOME INC",
"572","EXPONENTS INC","13-3572677"
"573","THE BEDFORD STUYVESANT FAMILY HEALTH CENTER INC","11-2412205"
"574","HEALTH PEOPLE INC","51-0418243"
"575","LOVE HEALS INC","13-3693776"
"576","ARTHUR ASHE INSTITUTE FOR URBAN HEALTH INC","11-3185372"
"577","AMIDA CARE INC","13-4154068"
"578","UNITY FELLOWSHIP/BREAKING GROUND INC","11-3352350"
"579","COMMUNITY HEALTH & AWARENESS MINISTRY INC",
"580","JAMAICA SERVICE PROGRAM FOR OLDER ADULTS INC","51-0204121"
"581","YET INC","20-4824991"
"582","CONGREGATION BEIT SIMCHAT TORAH","23-7406899"
"583","JUST A FRIEND AWAY OF STATEN ISLAND",
"584","BEREAN COMMUNITY AND FAMILY LIFE CENTER INC","11-2870465"
"585","BROOKLYN CENTER FOR QUALITY LIFE","26-2651830"
"586","THE CENTRAL FAMILY LIFE CENTER INC","13-3626127"
"587","CHURCH OF GOD'S CHILDREN","13-3905414"
"588","CHURCHES UNITED FOR FAIR HOUSING INC","26-4698161"
"589","EMMANUEL BAPTIST CHURCH IN BROOKLYN INC","11-1666232"
"590","FRIENDSHIP BAPTIST CHURCH INC","11-3657224"
"591","GRACE BAPTIST CHURCH","03-0570727"
"592","GREATER ALLEN AME CATHEDRAL OF NEW YORK",
"593","IN THE LIFE MINISTRIES","03-0585577"
"594","LOVE ALIVE INTERNATIONAL INC","26-4819108"
"595","MOUNT HOREB BAPTIST CHURCH OF FLUSHING","11-2074467"
"596","MT MORIAH AME CHURCH","11-2831746"
"597","NEW HOPE FOR THE WORLD MINISTRIES INC",
"598","PARKCHESTER BAPTIST CHURCH","13-2836302"
"599","ST LUKE'S EPISCOPAL CHURCH","13-2747442"
"600","YOUNG WOMEN OF COLOR HIV/AIDS COALITION",
"601","CITY OF TRUTH COVENANT CHURCH INC","20-3368851"
"602","ST MARGARET'S EPISCOPAL CHURCH",
"603","BLACK VETERANS FOR SOCIAL JUSTICE INC","11-2608983"
"604","HELP/PSI INC D/B/A/ BRIGHTPOINT HEALTH",
"605","MUSLIM WOMEN'S INSTITUTE FOR RESEARCH AND DEVELOPMENT","80-0010627"
"606","MORE GRACE REDEMPTIVE CENTER INC","11-3360284"
"607","CHARLES B WANG COMMUNITY HEALTH CENTER INC","13-2739694"
"608","POSITIVE HEALTH PROJECT INC","13-3845305"
"609","HHC NORTH CENTRAL BRONX HOSPITAL",
"610","HOUSING WORKS HEALTH SERVICES III",
"611","DESTINATION TOMORROW INC","80-0259180"
"612","NEW YORK TRANSGENDER ADVOCACY GROUP",
"613","PRINCESS JANAE PLACE INC","47-4812838"
"614","EMPIRE LIVER FOUNDATION INC","46-2121958"
"615","ASTRAEA FOUNDATION INC",
"616","NEW YORK BLOOD CENTER INC","13-1949477"
"617","THE BLACK LGBT ALLIANCE OF NEW YORK INC",
"618","CICATELLI ASSOCIATES INC","13-3020576"
"619","HIV LAW PROJECT INC","13-3730564"
"620","LEGAL SERVICES OF THE HUDSON VALLEY","13-6265606"
"621","LEGAL AID SOCIETY OF ROCKLAND COUNTY INC",
"622","ASSESSMENT AND REFERRAL TEAM",
"623","THE TRUSTEES OF COLUMBIA UNIVERSITY IN THE CITY OF NEW YORK","13-5598093"
"624","ICAHN SCHOOL OF MEDICINE AT MOUNT SINAI","13-6171197"
"625","ALLEN AME CHURCH ALLEN COMMUNITY SENIOR CENTER",
"626","ALPHA PHI ALPHA SENIOR CITIZENS CENTER INC","23-7436147"
"627","AMERICAN-ITALIAN COALITION OF ORGANIZATIONS INC","11-2488439"
"628","ARC XVI FT WASHINGTON INC","13-2745426"
"629","ASSOCIATION OF BLACK SOCIAL WORKERS","13-2797551"
"630","BAY RIDGE CENTER INC","80-0559714"
"631","BEDFORD PARK MULTI-SERVICE CENTER FOR SENIOR CITIZENS INC","13-2745303"
"632","BETH ABRAHAM HEALTH SERVICES","13-1739920"
"633","BRONX JEWISH COMMUNITY COUNCIL INC","13-2744533"
"634","BROOKLYN SECTION NATIONAL COUNCIL OF JEWISH WOMEN",
"635","BROOKS SENIOR CENTER",
"636","CANAAN BAPTIST CHURCH OF CHRIST","13-6013037"
"637","CHARLES A. WALBURG MULTI-SERVICE ORGANIZATION INC","23-7337180"
"638","COMMUNITY AGENCY FOR SENIOR CITIZENS INC","13-3263537"
"639","CONGREGATION YETEV LEV DSATMAR INC","11-2314175"
"640","CONVENT AVENUE BAPTIST CHURCH","13-1769584"
"641","CORONA CONGREGATIONAL CHURCH","11-1802803"
"642","COTHOA LUNCHEON CLUB INC","13-3608860"
"643","CROWN HEIGHTS PRESERVATION COMMITTEE CORPORATION","11-2322490"
"644","CYPRESS HILLS-FULTON STREET SENIOR CITIZENS CENTER INC","11-2297647"
"645","DORCHESTER SENIOR CITIZENS CENTER INC","11-2305581"
"646","EAST HARLEM COUNCIL FOR HUMAN SERVICES INC","13-6213532"
"647","ELMCOR YOUTH & ADULT ACTIVITIES INC","11-2224539"
"648","FIND AID FOR THE AGED INC","13-2666921"
"649","FOOD BANK FOR NEW YORK CITY","13-3179546"
"650","HEIGHTS AND HILLS INC","23-7237927"
"651","HOPE OF ISRAEL SENIOR CITIZENS CENTER INC","13-2749857"
"652","INSTITUTE FOR THE PUERTO RICAN HISPANIC ELDERLY INC","13-2987263"
"653","ISABELLA GERIATRIC CENTER INC","13-3623808"
"654","ITALIAN SENIOR CITIZENS CENTER INC","11-2308129"
"655","LINCOLN SQUARE NEIGHBORHOOD CENTER INC","13-1825918"
"656","MEALS ON WHEELS OF STATEN ISLAND INC","13-2894978"
"657","MERRILL PARK CIVIC ASSOCIATION","11-2304928"
"658","MID BRONX SENIOR CITIZENS COUNCIL INC","23-7354073"
"659","MOBILIZATION FOR JUSTICE INC","13-2622748"
"660","MORNINGSIDE RETIREMENT AND HEALTH SERVICES INC","13-6206256"
"661","NEW YORK FOUNDATION FOR SENIOR CITIZENS HOME ATTENDANT SERVICES INC","13-3083582"
"662","NEW YORK FOUNDATION FOR SENIOR CITIZENS INC","13-2618568"
"663","NORTHEAST BRONX SENIOR CITIZENS INC","13-2759045"
"664","PENN SOUTH SOCIAL SERVICES INC","13-3413349"
"665","PEOPLE CARE INCORPORATED","13-2860748"
"666","PERSONAL TOUCH HOME CARE OF NY INC","11-2339876"
"667","PETER CARDELLA SENIOR CITIZEN CENTER INC","11-2328536"
"668","PRESBYTERIAN SENIOR SERVICES","13-1981482"
"669","RABBI ISRAEL MEYER HACOHEN RABBINICAL SEMINARY OF AMERICA","11-1752021"
"670","RECREATION ROOMS AND SETTLEMENT","11-1820725"
"671","REGIONAL AID FOR INTERIM NEEDS INC","13-6213586"
"672","RIDGEWOOD OLDER ADULT CENTER & SERVICES INC","05-0607283"
"673","RIVERDALE SENIOR SERVICES INC","23-7357997"
"674","ROCHDALE VILLAGE SOCIAL SERVICES INC","11-3397470"
"675","SAMARITAN DAYTOP VILLAGE INC","11-2635374"
"676","SEBCO DEVELOPMENT INC","13-2944013"
"677","SENIOR CITIZENS LEAGUE OF FLATBUSH INC","11-2347331"
"678","SEPHARDIC MULTI- SERVICE SENIOR CITIZENS CENTER INC.","11-2301220"
"679","SERVICES AND ADVOCACY FOR GAY LESBIAN BISEXUAL AND TRANSGENDER ELDERS INC","13-2947657"
"680","SERVICES NOW FOR ADULT PERSONS INC","11-2591783"
"681","SOUTHSIDE UNITED HOUSING DEVELOPMENT FUND CORPORATION","11-2268359"
"682","SPRING CREEK SENIOR PARTNERS INC","74-3158439"
"683","ST GABRIEL'S EPISCOPAL CHURCH INC","11-2463892"
"684","ST JOHN ST MATTHEW EMANUEL LUTHERAN CHURCH",
"685","STATEN ISLAND COMMUNITY SERVICES INC","13-2516926"
"686","STEIN SENIOR CENTER INC","23-7378342"
"687","THE CARTER BURDEN CENTER FOR THE AGING INC","23-7129499"
"688","SPANISH SPEAKING ELDERLY COUNCIL-RAICES INC","11-2730462"
"689","UNITED SENIOR CITIZENS OF SUNSET PARK INC","11-2358277"
"690","VISIONS/SERVICES FOR THE BLIND AND VISUALLY IMPAIRED","13-1624210"
"691","WASHINGTON HEIGHTS COMMUNITY SERVICES INC","13-2792876"
"692","WAYSIDE OUT-REACH DEVELOPMENT INC","11-3528680"
"693","WEILL MEDICAL COLLEGE OF CORNELL UNIVERSITY",
"694","WILLIAM HODSON COMMUNITY CENTER INC","13-1660334"
"695","YM YWHA OF THE BRONX/RIVERDALE YM YWHA",
"696","YM YWHA OF WASHINGTON HEIGHTS AND INWOOD INC",
"697","YOUNG ISRAEL PROGRAMS INC","03-0381957"
"698","YOUNG MENS AND YOUNG WOMENS HEBREW ASSOCIATION OF",
"699","DOMINICAN SISTERS FAMILY HEALTH SERVICE INC","13-1740242"
"700","MERCYFIRST","11-1635089"
"701","LITTLE SISTERS OF THE ASSUMPTION FAMILY HEALTH SERVICE INC","13-2867881"
"702","SAFE SPACE NYC INC","11-1711014"
"703","CATHOLIC GUARDIAN SERVICES","13-5562186"
"704","LOWER EAST SIDE FAMILY UNION INC","23-7412423"
"705","BOYS TOWN NEW YORK INC","20-5960877"
"706","C.C.M.S.","11-2675243"
"707","PUERTO RICAN FAMILY INSTITUTE INC","13-6167177"
"708","1332 FULTON AVENUE DAY CARE CENTER INC","13-2690309"
"709","ACTION NURSERY","11-3239606"
"710","ADDIE MAE COLLINS COMMUNITY SERVICE INC","13-6183590"
"711","AFRO-AMERICAN PARENTS DAY CARE CENTER INC","13-2727406"
"712","ALL MY CHILDREN DAY CARE AND NURSERY SCHOOL","11-3371679"
"713","ALONZO A DAUGHTRY MEMORIAL DAYCARE CENTER INC","11-2248164"
"714","ALPHA KAPPA ALPHA SORORITY EPSILON PI OMEGA CHAPTER DAY CARE CENTER INC","22-2547491"
"715","ATLED INC","13-3550709"
"716","B'ABOVE WORLDWIDE INSTITUTE INC","11-3036967"
"717","BELLEVUE DAY CARE CENTER INC","13-2676567"
"718","BELMONT COMMUNITY DAY CARE CENTER INC","13-2681079"
"719","BETH JACOB DAY CARE CENTER INC","11-2290419"
"720","BETHEL MISSION STATION CHURCH INC / BETHEL EMANUEL TEMPLE INC","06-0983254"
"721","BILLY MARTIN CHILD DEVELOPMENT DAY CARE CENTER","11-2233228"
"722","BIRCH FAMILY SERVICES","11-2503193"
"723","BLANCHE COMMUNITY PROGRESS DAY CARE CENTER INC","11-2243236"
"724","BLOOMINGDALE FAMILY PROGRAM INC","13-2638566"
"725","BNOS ZION OF BOBOV INC","11-2288765"
"726","BOULEVARD NURSERY SCHOOL INC","11-1710362"
"727","BRONX COMMUNITY COLLEGE ASSOCIATION INC","23-7327307"
"728","BRONXDALE TENANTS LEAGUE DAY CARE CENTER INC","13-2681414"
"729","BROOKLYN DEVELOPMENT CENTER EARLY CHILDHOOD SERVICES INC",
"730","BROOKLYN KINDERGARTEN SOCIETY","11-1631820"
"731","BUMBLEBEES-R-US INC","26-3876544"
"732","BUSHWICK IMPROVEMENT SOCIETY INC","11-2478788"
"733","BUSHWICK UNITED HOUSING DEVELOPMENT FUND CORPORATION","11-2504368"
"734","CARDINAL MCCLOSKEY SCHOOL AND HOME FOR CHILDREN","13-1740443"
"735","CHILD PRODIGY LEARNING CENTER II","45-2987832"
"736","CHRISTINA DAY CARE INC","51-0443444"
"737","CITIZENS CARE DAY CARE CENTER INC","13-2535389"
"738","CLIFFORD GLOVER DAY CARE CENTER INC","11-2501328"
"739","COLONY-SOUTH BROOKLYN HOUSES INC","11-2197984"
"740","COMMITTEE FOR EARLY CHILDHOOD DEVELOPMENT DAY CARE CENTER INC","11-2343437"
"741","COMMUNITY LIFE CENTER INC",
"742","COMMUNITY PARENTS INC","11-2207085"
"743","CORNERSTONE DAY CARE CENTER INC","11-2164436"
"744","CYPRESS HILLS CHILD CARE CORPORATION","11-3116118"
"745","DAWNING VILLAGE INC","13-3214064"
"746","DEWITT REFORMED CHURCH HEAD START","13-2642057"
"747","DOMINICAN WOMEN'S DEVELOPMENT CENTER INC","13-3593885"
"748","EAST CALVARY DAY CARE CENTER INC","13-1789741"
"749","EAST TREMONT CHILD CARE AND DEVELOPMENT CENTER INC","13-2710021"
"750","ESCUELA HISPANA MONTESSORI INC","13-2543563"
"751","FLUSHING DAY CARE CENTER INC","11-2196556"
"752","FORDHAM-BEDFORD HOUSING CORPORATION","13-3010578"
"753","FT GEORGE COMMUNITY ENRICHMENT CENTER INC","13-3099325"
"754","GAN DAY CARE CENTER INC","11-2302049"
"755","GREATER FLUSHING COMMUNITY COUNCIL INC","23-7006635"
"756","HAWTHORNE CORNERS DAY CARE CENTER INC","11-2288235"
"757","HEBREW KINDERGARTEN INFANTS HOME INC","11-1808218"
"758","HELP DAYCARE CORP","13-3660919"
"759","HIGHBRIDGE ADVISORY COUNCIL FAMILY SERVICES INC","13-2724492"
"760","HOSPITAL CLINIC HOME CENTER INSTRUCTIONAL CORP.","11-2629532"
"761","INNER FORCE TOTS INC","20-2445783"
"762","LA PENINSULA COMMUNITY ORGANIZATION INC","13-3061340"
"763","LABOR AND INDUSTRY FOR EDUCATION INC","11-4088055"
"764","L.A.B.O.R BATHGATE COMMUNITY CHILD CARE CENTER INC","13-2762139"
"765","THE LEAGUE FOR BETTER COMMUNITY LIFE INC","11-6106597"
"766","LEXINGTON CHILDREN'S CENTER INC","13-2842393"
"767","MARC ACADEMY AND FAMILY CENTER INC","13-3966229"
"768","MID BRONX CCRP EARLY CHILDHOOD CENTER INC","13-3854137"
"769","MONTESSORI PROGRESSIVE LEARNING CENTER INC","22-3001223"
"770","NATIONAL ASSOCIATION OF FAMILY DEVELOPMENT CENTERS INC","11-2707362"
"771","NEW LIFE CHILD DEVELOPMENT CENTER INC","23-7165024"
"772","NICHOLAS CARDELL DAY CARE CENTER","13-2742773"
"773","NORTH BRONX NATIONAL COUNCIL OF NEGRO WOMEN CHILD DEVELOPMENT CENTER INC","13-3338239"
"774","NORTHEAST BRONX DAY CARE CENTER INC","13-1993875"
"775","NORTHERN MANHATTAN PERINATAL PARTNERSHIP INC","13-3782555"
"776","NUESTROS NINOS DAY CARE CENTER INC","11-2315327"
"777","OMEGA PSI PHI FRATERNITY-NU OMICRON CHAPTER DAY CARE CENTER INC","11-2698494"
"778","OPEN DOOR ASSOCIATES INC","13-1624215"
"779","OUR CHILDREN THE LEADERS OF TOMORROW INC","27-0787205"
"780","PRINCE HALL SERVICE FUND INC","13-3263543"
"781","QUEENS COUNTY EDUCATORS FOR TOMORROW","11-2475654"
"782","QUICK START DAY CARE CENTER INC","11-2219525"
"783","RENA DAY CARE INC","13-2724410"
"784","ROCHDALE VILLAGE NURSERY SCHOOL","11-2034932"
"785","ST JEMUEL GROUP FAMILY DAY CARE INC","30-0270618"
"786","ST MARKS FAMILY SERVICES COUNCIL",
"787","SEVENTH AVENUE CENTER FOR FAMILY SERVICES","54-2120059"
"788","SHARON BAPTIST BOARD OF DIRECTORS INC","13-6017875"
"789","SHIRLEY CHISHOLM DAY CARE CENTER INC","11-2305568"
"790","SHOLOM DAY CARE INC","26-2831269"
"791","SOUTH BRONX HEAD START INC","13-2661989"
"792","SOUTH JAMAICA CENTER FOR CHILDREN AND PARENTS INC","51-0179375"
"793","ST ALBANS MONTESSORI DAY CARE CENTER INC","46-1560690"
"794","ST JOHN'S PLACE FAMILY CENTER HDFC","13-3441465"
"795","STRONG PLACE DAY CARE CENTER INC","11-2203754"
"796","SUNNY SKIES PROSPECT CORP.","46-4433882"
"797","SUNSET PARK CHILDREN'S SCHOOL","11-2713800"
"798","THE EAST HARLEM BLOCK NURSERY INC",
"799","THE YOUNG WOMEN'S CHRISTIAN ASSOCIATION OF THE CITY OF NEW YORK","13-1624230"
"800","TRABAJAMOS COMMUNITY HEAD START","13-2600799"
"801","TRADITIONAL DAY CARE CENTER INC","11-3438908"
"802","TREMONT CROTONA DAY CARE CENTER INC","13-2724087"
"803","TREMONT MONTEREY DAY CARE CENTER INC","13-2676543"
"804","UNITED ACADEMY INC","11-3075161"
"805","UNITED BRONX PARENTS INC","13-6203312"
"806","UNITED COMMUNITY DAY CARE CENTER INC","23-7129582"
"807","UNITED FEDERATION OF BLACK COMMUNITY ORGANIZATIONS INC","13-2783581"
"808","UTOPIA CHILDREN'S CENTER INC","13-1624243"
"809","WASHINGTON HEIGHTS CHILD CARE CENTER","13-2709329"
"810","WEST HARLEM COMMUNITY ORGANIZATION INC","13-6193685"
"811","WESTCHESTER TREMONT DAY CARE CENTER","13-2603939"
"812","THE DENNELISSE CORP","13-3224954"
"813","VIP HEALTH CARE / KWIK CARE LTD",
"814","Youth Advocate Programs, Inc.",
"815","Exodus Transitional Community",
"816","Phipps CDC",
"817","NY Center of Inter' Dev of Staten Island",
"818","Young Men's Christian Association of Greater New York",
"819","Esperanza NY, Inc.",
"820","Fedcap Rehabilitation Services, Inc.",
"821","Center for Community Alternatives, Inc.",
"822","URBAN YOUTH ALLIANCE INTERNATIONAL INC",
"823","MAN UP INC",
"824","GETTING OUT AND STAYING OUT",
"825","CARNEGIE HALL CORPORATION",
"826","NYCID- Staten Island (Now Known as YPIS & NYSID)",
"827","Community Connections for Youth",
"828","ABBOTT HOUSE",
"829","ARAB-AMERICAN FAMILY SUPPORT CENTER INC",
"830","CATHOLIC GUARDIAN SERVICES / FORMERLY CATHOLIC GUARDIAN SOCIETY AND HOME BUREAU",
"831","CAYUGA HOME FOR CHILDREN INC",
"832","CHINATOWN YMCA (YMCA OF GREATER NEW YORK)",
"833","COMMUNITY SOLUTIONS INC",
"834","HARLEM DOWLING-WEST SIDE CTR FOR CHILDREN & FAMILY SERVICES",
"835","INWOOD HOUSE, INC.",
"836","LITTLE FLOWER CHILDREN'S & FAMILY SERVICES OF NEW YORK",
"837","MARTIN DE PORRES GROUP HOMES",
"838","MENTAL HEALTH ASSOCIATION OF NYC",
"839","NEW ALTERNATIVES FOR CHILDREN INC",
"840","RISING GROUND (FORMERLY - LEAKE AND WATTS SERVICES, INC.)",
"841","ST DOMINICS FAMILY SERVICES",
"842","ST. JOHNS PLACE FAMILY CENTER DAY CARE CORPORATION",
"843","ST. LUKE'S-ROOSEVELT HOSPITAL",
"844","UNIVERSITY BEHAVIORAL ASSOCIATES,INC.",
"845","VIP HEALTH CARE SERVICES INC",
