"ceqr","project_name","milestone_name","milestone_date"
"09DCP036M","246 Eleventh Avenue","Negative Declaration","2009-05-04T00:00:00.000"
"94BSA034Q","Lucille Roberts Fitness Center","EAS",
"19TLC003X","Premium Bronx Corp.","Negative Declaration","2018-07-05T00:00:00.000"
"94BSA037Q","Lucille Roberts Fitness Center","Revised EAS","1994-07-06T00:00:00.000"
"09DCP048M","Fountain House","Lead Agency Letter","2009-03-31T00:00:00.000"
"13BSA002K","910 Manhattan Avenue","Negative Declaration","2013-01-08T00:00:00.000"
"03FDO001Q","Acquisition of Accessory Parking Lot for Engine 306, Bayside Queens","Negative Declaration","2003-09-02T00:00:00.000"
"09DCP035Y","Waterfront Zoning Text Amendment","Negative Declaration","2008-12-11T00:00:00.000"
"94BSA018Q","150-24 Northern Boulevard","EAS",
"92-051X","2428-2434 Eastchester Avenue","Negative Declaration","1993-01-01T00:00:00.000"
"12BSA002K","1152 East 24th","Type II Memo","2011-11-15T00:00:00.000"
"93DBS005K","Pitkin Avenue BID","Negative Declaration","1992-10-01T00:00:00.000"
"03BSA046M","19 East 94th Street","Begin Additional Review","2007-02-06T00:00:00.000"
"09TLC014K","Red Hook Car & Limo Service","Lead Agency Letter","2008-11-13T00:00:00.000"
"96DCP047R","Amboy Road Shopping Center","Lead Agency Letter","1996-05-01T00:00:00.000"
"09DHS008M","The Ping Residence","Negative Declaration","2009-09-11T00:00:00.000"
"93DEP025K","Sewer Maintenance Yard","EAS","1992-08-18T00:00:00.000"
"09DCP005M","The Axton West Side Urban Renewal Area LSRD Modification","Technical Memorandum","2012-03-23T00:00:00.000"
"06DCP026K","Homecrest Rezoning","Negative Declaration","2005-09-26T00:00:00.000"
"11TLC034K","Morenita Express Car Service Inc.","Lead Agency Letter","2011-03-23T00:00:00.000"
"08DME007K","Coney Island Rezoning","Technical Memorandum","2013-12-05T00:00:00.000"
"18DEP037Q","Demolition of Water Tanks at Station 24","Negative Declaration","2018-07-24T00:00:00.000"
"04DCP041K","Kings Material Supply Company","EAS","2004-02-23T00:00:00.000"
"18DOS012Y","Bill to Increase Penalties for Illegal Dumping and Add Sidewalks to Prohibited Dumping Sites","Lead Agency Letter","2018-06-25T00:00:00.000"
"02BSA137K","71-83 Beaver Street","EAS","2002-01-25T00:00:00.000"
"19DCP021M","1 Penn Plaza - Plaza actions (SP & AUTH)","Create CEQR Number","2018-07-25T00:00:00.000"
"98BSA015Q","Hess Service Station","EAS","1997-09-05T00:00:00.000"
"01BSA130M","27 West 38th Street","EAS","2001-04-18T00:00:00.000"
"93DME001K","Walton Street Demapping","Terminated or Withdrawn","1993-04-01T00:00:00.000"
"00DEP032K","Newtown Creek Water Pollution Control Plant (WPCP)/Track 3 Upgrade","Lead Agency Letter","2002-11-14T00:00:00.000"
"18DOS011Y","Bill to Amend Sanitation Code in Relation to Evidence of Unlawful Dumping","Lead Agency Letter","2018-06-26T00:00:00.000"
"00DEP029M","City Water Tunnel No. 1, Shaft 21","Lead Agency Letter","2000-07-13T00:00:00.000"
"06DCP108Q","Professional Service Centers for the Handicapped","Terminated","2010-02-25T00:00:00.000"
"09BSA074K","133 Taffe Place","Lead Agency Letter","2010-02-02T00:00:00.000"
"93BSA041R","Lucille Roberts Health Spa & Diet Center","Revised EAS","1993-03-09T00:00:00.000"
"94BSA059R","3555 Victory Boulevard","Type II Letter","1994-02-24T00:00:00.000"
"07DCP082M","Privately Owned Public Plaza Text Amendment","Negative Declaration","2007-06-04T00:00:00.000"
"18DOS012Y","Bill to Increase Penalties for Illegal Dumping and Add Sidewalks to Prohibited Dumping Sites","Negative Declaration","2018-06-26T00:00:00.000"
"05BSA073Q","41-19 Bell Boulevard","Lead Agency Letter","2005-05-26T00:00:00.000"
"00DEP070M","City Water Tunnel No. #3 ,Shaft 27B","Negative Declaration","1996-05-01T00:00:00.000"
"93DEP005R","2901 Richmond Avenue","Conditional Negative Declaration","1995-03-01T00:00:00.000"
"86-064R","Prince's Point Rezoning","Draft Scope of Work",
"12BSA115K","1720-28 Sheepshead Bay Road","Lead Agency Letter","2012-05-22T00:00:00.000"
"11BSA032X","731 Southern Boulevard","Withdrawn","2011-04-21T00:00:00.000"
"20DCP148K","2892 Nostrand Avenue Rezoning","Create CEQR Number","2020-05-19T00:00:00.000"
"07TLC056Q","Duke Car & Limo Service","Lead Agency Letter","2007-05-31T00:00:00.000"
"16HPD021K","Monsignor Alexius Jarka Hall","Type II Memo","2015-11-12T00:00:00.000"
"14BSA012M","2 Cooper Square","Negative Declaration","2013-12-17T00:00:00.000"
"10DEP053X","Hunts Point Gas System Improvement  - ADG","Type II Memo","2010-08-20T00:00:00.000"
"22DCP015X","Bruckner Sites Rezoning","EAS","2022-03-25T00:00:00.000"
"03DCP002M","16 Desbrosses Street Special Permit","Lead Agency Letter","2002-08-23T00:00:00.000"
"22DHS006M","Care Found Here Chinatown Safe Haven Project","EAS","2022-06-30T00:00:00.000"
"07BSA071M","CSI / New Building","EAS","2007-09-06T00:00:00.000"
"13DCP033R","Parkwood Avenue","Type II Memo","2012-10-18T00:00:00.000"
"05TLC004K","Proposed B & R Car Services, Inc.","Negative Declaration","2005-06-02T00:00:00.000"
"95BSA015M","203 Madison Avenue","Negative Declaration","1996-01-19T00:00:00.000"
"90-015M","Hospital for Special Surgery","Positive Declaration","1990-09-01T00:00:00.000"
"04HPD008Q","Queens New Foundation Round II Sites 4A and 4C","Negative Declaration","2004-01-09T00:00:00.000"
"04BSA210X","2162-2170 University Avenue","Terminated","2005-11-15T00:00:00.000"
"14DCP047R","Edgegrove Avenue","Type II Memo","2013-10-11T00:00:00.000"
"96BSA058Q","Song Health Spa","EAS","1995-11-22T00:00:00.000"
"95DCP062M","Lexington Avenue Rezoning Project","DEIS & Notice of Completion","1997-02-07T00:00:00.000"
"23TLC004Q","Paisa 2 Car and Limo Service","EAS","2022-10-17T00:00:00.000"
"03BSA184M","201 East 85th Street","Lead Agency Letter","2003-05-13T00:00:00.000"
"07DCP094K","Domino Sugar Rezoning","Positive Declaration","2007-06-29T00:00:00.000"
"19DEP016K","Dechlorination Facility at the Owls Head Wastewater Treatment Plant","Negative Declaration","2019-07-15T00:00:00.000"
"11BSA008Q","22-32/36 31st Street","EAS","2010-07-22T00:00:00.000"
"85-276M","712 Fifth Avenue","Final SEIS","1987-12-11T00:00:00.000"
"04BSA140Q","247-39 Jamaica Avenue","Negative Declaration","2004-12-07T00:00:00.000"
"07DCP030M","125th Street Corridor Rezoning and Related Actions","Scoping Meeting","2007-01-17T00:00:00.000"
"00DCP033Q","LaGuardia Holiday Inn Express Hotel","EAS","1999-11-17T00:00:00.000"
"09BSA058Q","New York Sports Club","Negative Declaration","2009-05-19T00:00:00.000"
"09HPD026M","Promesa East 120th Street and 1st Avenue Mixed-Use Development","Begin Additional Review","2015-01-01T00:00:00.000"
"04DME018M","CREATED IN ERROR","Lead Agency Letter","2004-06-15T00:00:00.000"
"93DEP013X","Croton Water Treatment Plant, Jerome Park Reservior","Final Scope of Work","1994-01-13T00:00:00.000"
"95DEP212R","343 Barclay Avenue","Negative Declaration","1995-01-01T00:00:00.000"
"97DCP068M","124 Hudson Street","EAS","1997-05-27T00:00:00.000"
"95BSA012M","New Friends Place Pre School","Lead Agency Letter",
"12DIT002Y","Moblie Telecommunications Franchises","Negative Declaration","2012-03-29T00:00:00.000"
"13DME001R","Charleston Mixed-Use Development","FEIS & Notice of Completion","2013-09-10T00:00:00.000"
"98BSA027M","19 Beach Street","EAS","1997-10-27T00:00:00.000"
"91-152Q","Lindenwood Commons Rezoning","Final Scope of Work","1996-03-18T00:00:00.000"
"04DEP050U","Catskill and Delaware Ultraviolet Light Disinfection Facility","Final Scope of Work","2004-03-19T00:00:00.000"
"09DHS005X","The Lafayette Safe Haven","Negative Declaration","2009-03-30T00:00:00.000"
"09CLA001M","Metropolitan Museum of Art Plaza Excavation","EAS","2008-09-26T00:00:00.000"
"99DCP046Q","Flushing Christian School","Revised Negative Declaration","2000-08-07T00:00:00.000"
"08TLC008K","Express 11 Car Service Inc","Negative Declaration","2007-09-10T00:00:00.000"
"11BSA006K","1153 85th Street","Type II Memo","2011-04-12T00:00:00.000"
"05HPD027M","Beacon Park","Negative Declaration","2005-09-28T00:00:00.000"
"97DOS007R","Fresh Kills Landfill Gas Collection & Co-Generatio","EAS","1996-11-25T00:00:00.000"
"17DCP097M","462 Broadway","Lead Agency Letter","2017-02-08T00:00:00.000"
"09DHS002K","The Bridge Family Residence I","EAS","2008-09-24T00:00:00.000"
"91-221M","Millbank Frawley Circle URA","Lead Agency Letter","1991-06-01T00:00:00.000"
"12DCP099R","5697 Amboy Road","Type II Memo","2012-02-27T00:00:00.000"
"14DEP019U","Installation of Security Gates and Ashokan Reservoir, CAT-334","Type II Memo","2014-03-19T00:00:00.000"
"05DME027X","Ideal Steel Supply Corp.","Lead Agency Letter","2005-04-13T00:00:00.000"
"04DEP050U","Catskill and Delaware Ultraviolet Light Disinfection Facility","Final EIS and NOC","2004-11-30T00:00:00.000"
"11DHS003Q","170-02 93rd Avenue","Lead Agency Letter","2011-02-23T00:00:00.000"
"01DEP050K","26th Ward Water Pollution Control Plant Stablization Program - Contract 11G","Lead Agency Letter","2004-02-11T00:00:00.000"
"06BSA051Q","Yeshiva Tifereth Moshe","Negative Declaration","2006-06-13T00:00:00.000"
"07OOM001Y","Proposed Int. No. 331-A: Regulation and Licensing of Pedicabs","Negative Declaration","2007-02-28T00:00:00.000"
"08TLC049R","County Car Service","Negative Declaration","2008-06-12T00:00:00.000"
"96BSA034K","Strettiner Bais Hamedrash","Type II Letter","1995-10-27T00:00:00.000"
"03BSA012Q","Graue 78-05","EAS","2002-07-12T00:00:00.000"
"02DCP046M","52 Broadway Parking Garage","Lead Agency Letter","2002-05-01T00:00:00.000"
"03DCP076R","Brookside Loop Development","Revised EAS","2006-06-14T00:00:00.000"
"12BSA104K","213-223 Flatbush Avenue","Withdrawn","2013-07-24T00:00:00.000"
"92DEP013R","4212 Hylan Boulevard","Negative Declaration","1993-02-01T00:00:00.000"
"98BSA033Q","Amoco Service Station","EAS","1997-11-14T00:00:00.000"
"13DEP013K","26th Ward Digester Dome Improvements","Type II Memo","2012-12-07T00:00:00.000"
"07BSA010M","471 Washington Street","Lead Agency Letter","2006-11-27T00:00:00.000"
"06DCP026K","Homecrest Rezoning","Lead Agency Letter","2005-09-23T00:00:00.000"
"07DCP006Q","South Conduit Avenue Rezoning","CND","2009-08-03T00:00:00.000"
"18HPD110X","1025-1027 Leggett Avenue","Type II Memo","2018-07-17T00:00:00.000"
"04BSA065R","930-936 Richmond Avenue","Lead Agency Letter","2004-01-27T00:00:00.000"
"95DCP064R","Historic Tottenville Rezoning","Other (Minor Modification or Errata)","1996-05-03T00:00:00.000"
"94DCP018M","Block 734 Rezoning Project","Negative Declaration","1994-02-01T00:00:00.000"
"97NYP005K","72nd Precinct Parking Lot","Lead Agency Letter","1997-06-25T00:00:00.000"
"18DOS011Y","Bill to Amend Sanitation Code in Relation to Evidence of Unlawful Dumping","EAS","2018-06-26T00:00:00.000"
"11DCP091R","738 Annadale Road","Type II Memo","2011-02-24T00:00:00.000"
"07BSA068K","3038 Atlantic Avenue","EAS","2007-03-02T00:00:00.000"
"92HPD009K","Berean Missionary","Negative Declaration","1992-08-01T00:00:00.000"
"93DCP010M","502 Ninth Avenue","Negative Declaration","1993-01-01T00:00:00.000"
"22DOT025M","Trinity Place from Morris Street to Cedar Street","Type II Memo","2022-06-27T00:00:00.000"
"15SBS001M","Establishment of Meatpacking Area Business Improvement District","Create CEQR Number","2014-09-11T00:00:00.000"
"11TLC006Q","American Dream Car Service Inc.","Lead Agency Letter","2010-08-09T00:00:00.000"
"07DCP061M","400 East 67th Street Accessory Parking Garage","Negative Declaration","2007-09-04T00:00:00.000"
"19DCP219Q","59-02 Borden Avenue Self-Storage Special Permit","Negative Declaration","2019-12-02T00:00:00.000"
"18DOS011Y","Bill to Amend Sanitation Code in Relation to Evidence of Unlawful Dumping","Negative Declaration","2018-06-26T00:00:00.000"
"13HPD066M","301 West 46 Street","Type II Memo","2013-05-17T00:00:00.000"
"14TLC057X","Best Deal Car Service 2 Inc.","Negative Declaration","2014-06-09T00:00:00.000"
"06DCP037M","412 West 54th Street","Lead Agency Letter","2005-10-21T00:00:00.000"
"05HPD012M","Cornerstone III Site 5","Negative Declaration","2006-10-26T00:00:00.000"
"08TLC010K","New Relampago Car Service Corp","Negative Declaration","2007-09-11T00:00:00.000"
"96DEP011U","Amawalk Reservoir Dam Rehabilitation","Negative Declaration","1996-01-23T00:00:00.000"
"04DME013X","Waterbury Seabury LLC Development Project","Lead Agency Letter","2004-06-01T00:00:00.000"
"93FDO005K","Fleet Maintenance Storage Garage","Negative Declaration","1992-07-21T00:00:00.000"
"15HPD078M","Manhattanville Factory District Walkway","Type II Memo","2018-07-18T00:00:00.000"
"19DCP014R","Torrice Loop Authorizaton Renewal","Type II Memo","2018-07-20T00:00:00.000"
"05BSA087M","Spa Ja","Negative Declaration","2006-06-20T00:00:00.000"
"05BSA126K","Park Avenue Health Club","Negative Declaration","2005-10-18T00:00:00.000"
"19HPD122X","St Ann's Apartments","Type II Memo","2019-07-16T00:00:00.000"
"93BSA001Q","46-45 Kissena Boulevard","EAS",
"02DEP083M","City Water Tunnel No.3, Stage 2, Shaft 32B","EAS","2004-08-20T00:00:00.000"
"03DEP017K","Newtown Creek Water Pollution Control Plant (WPCP),NC-35F North Battery Foundation Construction","Lead Agency Letter","2002-09-25T00:00:00.000"
"96BSA036M","New York Sports and Racquet Club","EAS","1995-10-26T00:00:00.000"
"10BSA131M","412 Greenwich Street","Negative Declaration","2010-01-12T00:00:00.000"
"15DCP042R","40 Willowpond Road","Type II Memo","2014-09-16T00:00:00.000"
"12DCP008M","53 West 53rd Street","Type II Memo","2011-07-26T00:00:00.000"
"19DPR007X","Bronx River Channel Rehabilitation and Restoration","EAS","2019-06-11T00:00:00.000"
"07DEP002X","Riverbay Co-Op City Congeneration Power Plant","Negative Declaration","2007-07-03T00:00:00.000"
"19HPD005M","Warbrook Wrenbrook Year 15","Type II Memo","2018-07-20T00:00:00.000"
"97DCP037M","Ferrara Greenwich Village, Inc.","Negative Declaration","1997-05-19T00:00:00.000"
"95DEP258K","Atlas Bio-Energy Corporation CO - Generation Facility","EAS","1996-04-08T00:00:00.000"
"07HPD007X","Common  Ground Brook Avenue","Negative Declaration","2006-10-12T00:00:00.000"
"10DCP017X","Crotona Park East/West Farms Rezoning and Related Actions","Draft Scope of Work","2010-01-25T00:00:00.000"
"02BSA043X","Congregation Knesseth Bais Yaakov","EAS","2002-02-26T00:00:00.000"
"97BSA077K","562-574 Madison Street use change","Type II Letter","1997-08-05T00:00:00.000"
"07BSA064K","1901 Eighth Avenue Residential Development","Negative Declaration","2008-02-26T00:00:00.000"
"22DEP022U","Replacement of Sodium Hypochlorite Tanks at Hillview Reservoir Uptake Chamber #1 (UT1)","Begin Additional Review","2022-03-22T00:00:00.000"
"10DCP012X","LDGMA Text Amendment CD 10","Lead Agency Letter","2009-10-30T00:00:00.000"
"22DEP022U","Replacement of Sodium Hypochlorite Tanks at Hillview Reservoir Uptake Chamber #1 (UT1)","Type II Memo","2022-03-22T00:00:00.000"
"19DCP010R","35 Coverly Avenue","Type II Memo","2018-07-24T00:00:00.000"
"12BSA017M","87-89 Chambers Street","Lead Agency Letter","2011-08-25T00:00:00.000"
"93BSA009Q","Vincent Anza Building","EAS","1992-08-08T00:00:00.000"
"03DEP004K","Bay Energy Power Project","Lead Agency Letter","2003-06-04T00:00:00.000"
"94BSA081X","Wake Eden Christian School","Lead Agency Letter","1995-11-06T00:00:00.000"
"04BSA142K","5313-5323 5th Avenue","Negative Declaration","2005-06-07T00:00:00.000"
"20DOT014R","Traffic Improvements at South Avenue and Edward Curry Avenue","Type II Memo","2019-12-06T00:00:00.000"
"99HPD007X","Belmont Boulevard II","Lead Agency Letter","1999-02-01T00:00:00.000"
"05BSA069Q","Professional Service Centers for the Handicapped","Negative Declaration","2006-02-14T00:00:00.000"
"10TLC014X","Azteca Cars Service Inc","Lead Agency Letter","2009-11-12T00:00:00.000"
"05BSA119K","Tri-Boro Properties","Lead Agency Letter","2005-05-26T00:00:00.000"
"96DME003Q","College Point Retail Project","Lead Agency Letter","1996-03-14T00:00:00.000"
"93DCP041Q","Maspeth Rezoning","EAS","1993-05-24T00:00:00.000"
"19HPD071M","37 Hillside Avenue","Negative Declaration","2020-05-15T00:00:00.000"
"03DCP061R","Lundsten Avenue Homes","Negative Declaration","2004-07-12T00:00:00.000"
"94DCP016Q","McDonald Restaurant","Negative Declaration","1995-05-23T00:00:00.000"
"13DCP011M","East Midtown Rezoning and Related Actions","Public Hearing on DEIS ","2013-08-07T00:00:00.000"
"05BSA024K","Medical Offices","Lead Agency Letter","2004-08-26T00:00:00.000"
"02BSA083K","836-838 Kent Avenue","Lead Agency Letter","2002-04-10T00:00:00.000"
"00DCP008K","Dorsey Site Rezoning","Conditional Negative Declaration","2002-07-05T00:00:00.000"
"09BSA040K","70 Wyckoff Avenue","Lead Agency Letter","2008-10-28T00:00:00.000"
"96HPD018K","Cumberland Gardens Housing","Lead Agency Letter","1996-05-01T00:00:00.000"
"13DME003M","Memorial Sloan Kettering/CUNY","DEIS & Notice of Completion","2013-03-14T00:00:00.000"
"01DME009M","High Line Demolition","Negative Declaration","2001-03-12T00:00:00.000"
"23DCP033K","534 Coney Island Avenue","Create CEQR Number","2022-09-15T00:00:00.000"
"08DOT002Q","Designation of Crescent Street Between 44th And Hunter Street as a Restricted Use Street","Negative Declaration","2008-01-25T00:00:00.000"
"04BSA157K","Variance 459 Carroll Street","Negative Declaration","2005-01-25T00:00:00.000"
"10BSA018K","927 Flatbush Avenue","Lead Agency Letter","2010-01-27T00:00:00.000"
"98DCP033M","Bear Stearns World Headquarters","Positive Declaration","1998-02-10T00:00:00.000"
"05CCO001Y","Proposed Int. No 414-A","EAS","2005-04-18T00:00:00.000"
"19TLC005Q","Curb Transportation Services LLC","EAS","2018-08-10T00:00:00.000"
"93DCP018K","Cobble Hill Nursing Home","Negative Declaration","1993-10-01T00:00:00.000"
"04BSA139Q","141-54 Northern Boulevard","Negative Declaration","2005-03-29T00:00:00.000"
"00BSA136K","151 Kent Avenue","EAS","2000-04-20T00:00:00.000"
"18DOS012Y","Bill to Increase Penalties for Illegal Dumping and Add Sidewalks to Prohibited Dumping Sites","EAS","2018-06-26T00:00:00.000"
"96DME003Q","College Point Retail Project","Public Hearing for DEIS","1996-10-18T00:00:00.000"
"15DOT009X","Manhattan College Bridge over Henry Hudson Parkway","Type II Memo","2014-10-22T00:00:00.000"
"04BSA209R","2360 Hylan Boulevard Use Variance","Lead Agency Letter","2004-08-10T00:00:00.000"
"03BSA066M","1097 Second Avenue","Negative Declaration","2004-04-20T00:00:00.000"
"06DOT017R","Widening of Victory Boulevard and Travis Avenue","EAS","2006-09-25T00:00:00.000"
"96DCP020X","Frances Schervier Home for the Aged","Lead Agency Letter","1995-12-20T00:00:00.000"
"92DCP011K","8605-8613 Fort Hamilton Parkway","Lead Agency Letter","1991-07-01T00:00:00.000"
"14HPD045X","Washington Avenue Apartments","Negative Declaration","2014-07-29T00:00:00.000"
"23CLA003M","New York Historical Society Addition and Renovation","Lead Agency Letter","2023-05-25T00:00:00.000"
"07BSA021Q","71-13 60th Lane","EAS","2006-09-07T00:00:00.000"
"95DCP053M","East 14th Street Zoning Map Amendment","Negative Declaration","1995-05-22T00:00:00.000"
"12DEP037Q","Jamaica Tributaries CSO Improvements","Lead Agency Letter","2013-11-04T00:00:00.000"
"94HPD041K","Plaza de los Ancianos Wilson","Negative Declaration","1994-09-01T00:00:00.000"
"09TLC045K","Ice Blue Car & Limousine Service Inc","EAS","2009-07-14T00:00:00.000"
"98DEP001K","Newtown Creek Water Pollution Control Plant","Lead Agency Letter","1997-12-01T00:00:00.000"
"04DME007K","Cooper Tank and Welding","Lead Agency Letter","2003-09-25T00:00:00.000"
"19TLC010M","R C Audbon Service Inc.","Negative Declaration","2018-12-17T00:00:00.000"
"00DDC001R","Bloomingdale Park","Other (Minor Modification or Errata)","2000-12-26T00:00:00.000"
"09BSA029R","546 Midland Avenue","Lead Agency Letter","2009-01-26T00:00:00.000"
"19DCP094M","3 St. Marks Place","EAS","2019-10-28T00:00:00.000"
"15DCP155X","475 West 230 Street- Conservative Synagogue of Riverdale (CSAIR)","Type II Memo","2015-04-27T00:00:00.000"
"98FDO003K","Midwood Ambulance Station","Negative Declaration","1998-06-01T00:00:00.000"
"14DME006M","NY Proton Center","Negative Declaration","2014-03-13T00:00:00.000"
"18DEP037Q","Demolition of Water Tanks at Station 24","EAS","2018-07-24T00:00:00.000"
"97DEP026R","Arbutus Creek, Lemon Creek, Sandy Brook, and Blue Heron Drainage Plans","Technical Memorandum","2019-07-17T00:00:00.000"
"13DME013X","Kingsbridge Armory National Ice Center","Notice of Scoping Meeting","2013-04-23T00:00:00.000"
"13BSA038M","440 Broadway","Lead Agency Letter","2012-10-09T00:00:00.000"
"19TLC009Q","Exit Car Service Inc.","Lead Agency Letter","2018-10-19T00:00:00.000"
"02BSA212K","143-147 Classon Avenue","CND","2006-04-25T00:00:00.000"
"95DCP034M","IBM Building Indoor Sculpture Garden","Negative Declaration","1995-03-01T00:00:00.000"
"96BSA011M","37 West 46th Street","EAS","1995-05-10T00:00:00.000"
"94HPD018K","East New York I URA","Lead Agency Letter","1993-08-01T00:00:00.000"
"00BSA161K","Sephardic Community Center","Lead Agency Letter","2000-07-05T00:00:00.000"
"15TLC003X","New Sky Line, LLC.","Negative Declaration","2014-06-05T00:00:00.000"
"12BSA087Q","65-39 102nd Street","Lead Agency Letter","2012-03-26T00:00:00.000"
"02BSA043X","Congregation Knesseth Bais Yaakov","Negative Declaration","2002-07-09T00:00:00.000"
"92-035Q","New Franklin Nursing Home","Lead Agency Letter","1991-08-19T00:00:00.000"
"97DEP027Q","Clearview Pumping Station","EAS","1997-07-29T00:00:00.000"
"04DEP134X","New Croton Aqueduct Inspection and Rehabilitation Program","Negative Declaration","2004-06-07T00:00:00.000"
"93BSA029Q","White Castle Restaurant","Negative Declaration","1993-07-13T00:00:00.000"
"09TLC009Q","Dollar Express Car & Limo Inc","EAS","2008-12-03T00:00:00.000"
"11DCP031R","Hylan Boulevard Rezoning","Negative Declaration","2012-01-23T00:00:00.000"
"06BSA064M","423 West 55th Street","Negative Declaration","2006-07-25T00:00:00.000"
"02BSA093R","Dolphin Fitness Center PCE (Clove Road)","Lead Agency Letter","2002-04-10T00:00:00.000"
"20DEP002U","Removal of Dean's Bridge 'P'","EAS","2019-07-19T00:00:00.000"
"04BSA060K","2223 Avenue M","Type II Memo","2004-02-10T00:00:00.000"
"94DME004M","UNICEF","Negative Declaration","1994-03-31T00:00:00.000"
"91-118Q","College Point Corporate Park","Conditional Negative Declaration","1992-08-01T00:00:00.000"
"04DOT008M","Coenties Slip Plaza","Lead Agency Letter","2004-03-18T00:00:00.000"
"11DME007M","The Phased Redevelopment of Governors Island","FEIS & Notice of Completion","2013-05-23T00:00:00.000"
"11DME007M","The Phased Redevelopment of Governors Island","FEIS & Notice of Completion","2013-05-23T00:00:00.000"
"04BSA115X","Bronx Children's Psychiatric Center School","Lead Agency Letter","2004-03-09T00:00:00.000"
"04CCO001Y","Proposed Int. No. 191-A","Negative Declaration","2003-12-12T00:00:00.000"
"07DCP093M","Rockefeller University Modernization","EAS","2007-12-13T00:00:00.000"
"98NYP002Q","Queens South Task Force","EAS","1998-03-27T00:00:00.000"
"20DEP003U","Removal of Plum Brook Bridge M","Lead Agency Letter","2019-07-19T00:00:00.000"
"19DCP221R","St. Andrew's Church Parish Hall","Type II Memo","2019-07-17T00:00:00.000"
"16DCP018K","31 Lincoln Road","Negative Declaration","2015-08-17T00:00:00.000"
"09BSA045R","Costanzo's Martial Arts","EAS","2008-09-09T00:00:00.000"
"00BSA149Q","802 Hicksville Road","Type II Letter","2000-05-30T00:00:00.000"
"03DME004K","Kings Highway Municipal Parking Lots Redevelopment","Lead Agency Letter","2002-11-06T00:00:00.000"
"22DHS007Q","Review of Vue Hotel Stabilization Bed Facility Safe Haven Project","Lead Agency Letter","2022-04-05T00:00:00.000"
"94DEP049X","American Medical Waste","Lead Agency Letter","1994-09-01T00:00:00.000"
"14BSA160M","188 East 93rd Street","Type II Memo","2018-05-22T00:00:00.000"
"00BSA155Q","244-04 Francis Lewis Boulevard","Type II Letter","2000-06-14T00:00:00.000"
"03BSA098M","TSI Grand Central Inc.","EAS","2002-11-27T00:00:00.000"
"15TLC023K","Church Avenue Express","Lead Agency Letter","2014-10-14T00:00:00.000"
"19TLC002K","LiL'D Dispatch Inc.","Negative Declaration","2018-07-07T00:00:00.000"
"12TLC001K","Call Threes LLC","Lead Agency Letter","2011-07-15T00:00:00.000"
"23DCP002K","7120 New Utrecht Avenue Rezoning","Create CEQR Number","2022-06-29T00:00:00.000"
"96DGS013K","Catholic Medical Center","Negative Declaration","1996-06-18T00:00:00.000"
"14BSA145K","3420 Bedford Avenue","Type II Memo","2018-02-13T00:00:00.000"
"92-052M","ABC Properties West Enclave Project","Draft EIS and NOC","1992-10-01T00:00:00.000"
"18DCP190R","Silver Lake Cemetery","Type II Memo","2018-07-19T00:00:00.000"
"89-299K","Oceana/Brighton-By-the-Sea","Technical Memorandum","2001-06-22T00:00:00.000"
"23DCP006Q","245-06 South Conduit Avenue Commercial Overlay","Create CEQR Number","2022-07-07T00:00:00.000"
"12TLC029K","Seagull Corporate Transportation LLC","Lead Agency Letter","2012-03-23T00:00:00.000"
"15DEP020U","New Croton Reservoir Benthic Barriers","Type II Memo","2015-03-09T00:00:00.000"
"10DCP035X","Webster Avenue Rezoning","Draft Scope of Work","2010-04-16T00:00:00.000"
"96BSA001M","Splash Bar","Lead Agency Letter","1995-07-21T00:00:00.000"
"14DOT044Q","Rehabilitation of Borden Avenue Bridge over Dutch Kills","Type II Memo","2014-06-27T00:00:00.000"
"14DCP121R","Edgegrove Avenue","Type II Memo","2014-02-12T00:00:00.000"
"22DOT023K","Unsubsidized Bus Service between Williamsburg and Borough Park","Type II Memo","2022-04-01T00:00:00.000"
"14DCP048K","470 Vanderbilt  Avenue","Type II Memo","2013-11-04T00:00:00.000"
"09HPD019K","Broadway Triangle","EAS","2008-10-15T00:00:00.000"
"04DCP025Y","Community Facilities Text Amendment","Final EIS and NOC","2004-07-16T00:00:00.000"
"01DCP066R","Marble/Loop Residential Development","Lead Agency Letter","2001-09-28T00:00:00.000"
"07HPD002X","3313 Third Avenue","EAS","2006-07-27T00:00:00.000"
"06TLC054K","New Cypress Car Service Corp","Lead Agency Letter","2006-06-05T00:00:00.000"
"06DCP060M","Zoning Map Amendment 3300-3320 Broadway","EAS","2007-11-09T00:00:00.000"
"92DOT013M","Carey Transportation","Lead Agency Letter","1992-08-01T00:00:00.000"
"18BSA048Q","113-03 Springfield Boulevard","Type II Memo","2018-05-22T00:00:00.000"
"19TLC007X","Apollo Radio Dispatch Inc.","EAS","2018-08-10T00:00:00.000"
"93DCP012Q","Flushing Manor Geriatric Center","Lead Agency Letter","1992-09-25T00:00:00.000"
"17SBS002X","Morris Park Business Improvement District","Lead Agency Letter","2017-02-02T00:00:00.000"
"18BSA056M","817-33 Washington Street","Type II Memo","2018-05-22T00:00:00.000"
"12TLC026Y","Taxi Medallion Increase","Positive Declaration","2012-03-09T00:00:00.000"
"92HPD002X","Bronx Center for Independent Living","Revised EAS",
"92DEP038Q","Flushing Bay CSO Facility","Negative Declaration","1993-10-08T00:00:00.000"
"03BSA205Q","Satya Sanatan Dharma Sabha Inc.","Negative Declaration","2004-01-13T00:00:00.000"
"13DEP016Q","High Level Interceptor Regulator Improvements - Queens","Negative Declaration","2014-10-22T00:00:00.000"
"19HPD007X","215 McClellan Realty, LLC","Type II Memo","2018-07-27T00:00:00.000"
"03BSA194Q","Public Storage Jamaica Avenue","EAS","2003-05-16T00:00:00.000"
"08DCP004M","Special Little Italy District Text Amendment","Lead Agency Letter","2007-07-20T00:00:00.000"
"05DME022K","Brass Masters, Inc.","Type II Memo","2005-05-13T00:00:00.000"
"13HPD051M","202 West 141st Street","Begin Additional Review","2015-08-27T00:00:00.000"
"22DCP015X","Bruckner Sites Rezoning","Negative Declaration","2022-03-28T00:00:00.000"
"19TLC010M","R C Audbon Service Inc.","EAS","2018-12-17T00:00:00.000"
"12DOT016Y","NYC Bikeshare Program","Lead Agency Letter","2012-02-17T00:00:00.000"
"02DCP065M","485 Tenth Avenue Parking Lot","Negative Declaration","2003-02-03T00:00:00.000"
"94BSA012Q","Midas Merrick","Lead Agency Letter",
"02DCP003Y","Private Roads Test Amendment","Lead Agency Letter","2001-07-20T00:00:00.000"
"94DCP021Q","Allen Commercial Complexes East  and West","Negative Declaration","1995-09-01T00:00:00.000"
"22DHS007Q","Review of Vue Hotel Stabilization Bed Facility Safe Haven Project","EAS","2022-06-08T00:00:00.000"
"14BSA129Q","122-21 Merrick Boulevard","Negative Declaration","2014-09-16T00:00:00.000"
"05DEP023X","Hunts Point WPCP Phase III Upgrade","Statement of Findings","2008-01-10T00:00:00.000"
"14FDO001Y","Proposed NYC Fire Code Legislation (Intro 1174-A)","Negative Declaration","2013-12-18T00:00:00.000"
"98DEP023Y","Dry Cleaning Rules","Negative Declaration","1998-06-01T00:00:00.000"
"14SBS003R","National Lighthouse Museum","Lead Agency Letter","2014-04-01T00:00:00.000"
"10BSA055M","NYU Langone Medical Center","Negative Declaration","2010-07-13T00:00:00.000"
"17SBS002X","Morris Park Business Improvement District","Lead Agency Letter","2017-02-02T00:00:00.000"
"00DCP015K","Flushing Bedford Rezoning","Final EIS and NOC","2001-03-16T00:00:00.000"
"94DGS002M","Community Managed Open Space","EAS","1993-11-23T00:00:00.000"
"06DCP015R","Staten Island Commercial Rezoning","EAS","2005-08-18T00:00:00.000"
"20DCP077K","2840 Knapp Street Rezoning","Lead Agency Letter","2019-12-05T00:00:00.000"
"94BSA045Q","32nd Place, Queens YMCA","Revised EAS","1994-10-07T00:00:00.000"
"10DCP020K","Empire Boulevard Rezoning","On Hold","2011-01-20T00:00:00.000"
"96DME005K","Brooklyn Renaissance Plaza","EAS","1996-05-28T00:00:00.000"
"20DCP002R","866 Rathbun Avenue","Type II Memo","2019-07-18T00:00:00.000"
"19HPD006X","15 East 169 Realty, LLC","Type II Memo","2018-07-27T00:00:00.000"
"04DEP011Y","Proposed Promulgation of Chapter 25 of Title 15 of the Rules of the City of New York: Rule Governing House/Site Connections to the Sewer System","EAS","2009-05-20T00:00:00.000"
"12BSA054K","215 Exeter Street","Type II Memo","2012-08-14T00:00:00.000"
"05TLC003M","Wellspring FHV New Base Application","Negative Declaration","2005-02-25T00:00:00.000"
"02DME006R","Seaview Senior Housing Community","Final Scope of Work","2002-08-08T00:00:00.000"
"08BSA030R","2525 Victory Boulevard","Withdrawn","2008-05-28T00:00:00.000"
"95NYP006X","46th Precinct Parking Lot","Negative Declaration","1995-05-16T00:00:00.000"
"16BSA030K","41-55 Washington Street","Negative Declaration","2016-08-02T00:00:00.000"
"17DCP085R","101 Circle Road","Type II Memo","2017-06-09T00:00:00.000"
"15HPD054K","679 Van Sinderen Avenue","Create CEQR Number","2015-03-06T00:00:00.000"
"94BSA047M","Beth Israel- North Division","Negative Declaration","1994-09-27T00:00:00.000"
"07TLC021Q","St. Albans Hollis Car Service","EAS","2006-02-07T00:00:00.000"
"16DEP014U","Kensico Reservior Shoreline Stabilization at DA Shaft 18","Lead Agency Letter","2015-08-19T00:00:00.000"
"97DOS003Q","Tully Environmental","Lead Agency Letter","1997-02-01T00:00:00.000"
"02BSA189X","296 West Fordham Road","EAS","2002-04-11T00:00:00.000"
"92HPD011X","Minford Gardens Housing for the Elderly","Lead Agency Letter","1992-11-01T00:00:00.000"
"02BSA118M","TSI East 59 Inc.","Negative Declaration","2002-07-23T00:00:00.000"
"05SBS002M","Courts & Sport (aka: Basketball City East)","Negative Declaration","2005-11-17T00:00:00.000"
"12DCP061R","54 &58   Wilbur  Street","Type II Memo","2011-12-02T00:00:00.000"
"13DCP018K","Long Island University Athletic Field Expansion","Lead Agency Letter","2012-10-18T00:00:00.000"
"17DCP190R","146 Sprague Avenue","Type II Memo","2017-06-09T00:00:00.000"
"00DCP029Q","Waterview Nursing Care Center Expansion","EAS","1999-11-11T00:00:00.000"
"20DEP004U","Removal of Lakeside Road Katonah Bridge H","EAS","2019-07-19T00:00:00.000"
"18BSA054Q","55-27 Myrtle Avenue","Type II Memo","2018-06-05T00:00:00.000"
"89-299K","Oceana/Brighton-By-the-Sea","Technical Memorandum","1999-02-20T00:00:00.000"
"16BSA039K","1223 67th Street","Type II Memo","2018-05-22T00:00:00.000"
"14BSA094M","525 West 42nd Street","Negative Declaration","2014-05-20T00:00:00.000"
"00BSA056Q","89-01 Rockaway Boulevard","EAS","1999-11-08T00:00:00.000"
"19TLC006X","Unicar Company Inc.","Lead Agency Letter","2018-08-20T00:00:00.000"
"97DCP074Q","Silvercrest Extended Care Facility Enlargement","Review Re-Opened","2010-09-13T00:00:00.000"
"12TLC016Q","Save Car Service","Negative Declaration","2011-11-18T00:00:00.000"
"17BSA037K","1074 East 24th Street","Type II Memo","2018-06-05T00:00:00.000"
"02DME018M","Amber Charter School","Lead Agency Letter","2002-06-21T00:00:00.000"
"19DEP033U","Kensico Eastview Connection Geotech Investigation Phase 2","Begin Additional Review","2019-07-23T00:00:00.000"
"94NYP004X","PBBX Southern Boulevard Parking Lot","EAS","1994-02-21T00:00:00.000"
"14DCP055R","201 Johnson Avenue","Type II Memo","2013-11-04T00:00:00.000"
"02BSA027K","2106/2130 McDonald Avenue - Magen David Yeshiva","Negative Declaration","2002-03-26T00:00:00.000"
"99BSA127M","Broadway Equinox PCE","EAS","1999-03-26T00:00:00.000"
"16BSA025M","44 Union Square East","Negative Declaration","2016-03-22T00:00:00.000"
"06DPR001M","Washington Square Park Reconstruction","Negative Declaration","2006-11-08T00:00:00.000"
"04DCP004Q","Flushing Savings Bank","Lead Agency Letter","2003-09-15T00:00:00.000"
"04DCP028M","151 West 17th Street Public Parking Garage","Lead Agency Letter","2005-04-11T00:00:00.000"
"97DOS008R","B. Manzo & Sons Tansfer Station","Lead Agency Letter","1999-04-13T00:00:00.000"
"03DCP008X","Westchester Avenue Rezoning","Lead Agency Letter","2002-08-27T00:00:00.000"
"93BSA064M","1353 Park Avenue","EAS",
"09DCP084Q","Halletts Point","FEIS & Notice of Completion","2013-08-09T00:00:00.000"
"09DCP084Q","Halletts Point","FEIS & Notice of Completion","2013-08-09T00:00:00.000"
"18DCP175K","Dyker Heights Mixed-Use Development - 6208 8th Avenue","Lead Agency Letter","2018-06-12T00:00:00.000"
"03DME016K","Downtown Brooklyn Development","EAS","2003-04-15T00:00:00.000"
"23DCP018K","1455 Coney Island Avenue Rezoning","Lead Agency Letter","2022-09-16T00:00:00.000"
"09DCP043M","Columbus House West Side Large Scale Residential Development Modifications","Lead Agency Letter","2009-03-31T00:00:00.000"
"17BSA074R","1400 Bay Street","Type II Memo","2018-04-17T00:00:00.000"
"97BSA081Q","Walgreen's","EAS","1997-01-24T00:00:00.000"
"09DCP053K","DUMBO Rezoning","EAS","2009-02-13T00:00:00.000"
"12BSA010K","1860 East 23rd Street","Type II Memo","2012-01-24T00:00:00.000"
"13HPD080M","Bradhurst Cornerstone II Apartments","Lead Agency Letter","2013-05-24T00:00:00.000"
"05DCP066Q","New York Hospital Queens","EAS","2006-09-21T00:00:00.000"
"01DCP020M","Office/Trading Facility at 55 Water Street","Scoping Meeting","2000-11-28T00:00:00.000"
"06DOT003X","Willis Avenue Bridge Reconstruction Project","Final Scope of Work","2000-07-11T00:00:00.000"
"95DEP215R","15-22 Nathan Court","EAS","1995-03-03T00:00:00.000"
"11DOS003R","Relocation of Staten Island Community District 1 Garage Sections","Negative Declaration","2010-10-25T00:00:00.000"
"92DCP034Y","Zoning Resolution, Follow-up Text Changes","Lead Agency Letter","1991-09-01T00:00:00.000"
"06DCP055M","311 West Broadway","Negative Declaration","2005-12-19T00:00:00.000"
"16DEP015U","Kensico Eastview Connection Geotechnical Investigation Phase I","Type II Memo","2015-08-20T00:00:00.000"
"19HPD008X","3315 Cruger Realty, LLC","Type II Memo","2018-07-27T00:00:00.000"
"92BSA014Q","209-02 Hollis Avenue","Negative Declaration","1992-09-15T00:00:00.000"
"01BPX002X","Oliver Place","EAS","2001-02-16T00:00:00.000"
"05HPD029M","505 West 51st Street (Clinton Urban Renewal Area, Site 9C)","Lead Agency Letter","2005-04-29T00:00:00.000"
"18BSA027K","1760 East 28th Street","Type II Memo","2018-06-05T00:00:00.000"
"14DCP199M","102 Greene Street","Negative Declaration","2014-08-18T00:00:00.000"
"14DCP177X","4601 Fieldston Road","Type II Memo","2014-05-16T00:00:00.000"
"13BSA074M","420 Fifth Avenue","Lead Agency Letter","2013-03-26T00:00:00.000"
"16BSA030K","41-55 Washington Street","EAS","2016-06-06T00:00:00.000"
"09DCP058K","Flatbush Rezoning","Lead Agency Letter","2009-03-02T00:00:00.000"
"09DCP016M","Sullivan Street Rezoning","EAS","2009-09-16T00:00:00.000"
"04SBS005R","The Forest Avenue Business Improvement District","EAS","2004-02-02T00:00:00.000"
"93BSA021Q","Northern Boulevard Auto Laundry","Lead Agency Letter","1992-11-01T00:00:00.000"
"10BSA021K","LRHC Flatbush NY LLC","Negative Declaration","2010-02-23T00:00:00.000"
"01BSA155K","119-121 Lorimer Street","Lead Agency Letter","2001-07-13T00:00:00.000"
"97DBS002M","Columbus Av Business Improvement District","EAS","1996-12-26T00:00:00.000"
"04BSA163K","9712 Flatlands Avenue","Withdrawn","2005-01-11T00:00:00.000"
"97DCP010R","Richmond Avenue Zoning Map Amendment","Lead Agency Letter","1996-09-30T00:00:00.000"
"96BSA007M","Cafe Figaro","EAS","1995-06-01T00:00:00.000"
"13HPD028X","Quadrant Properties HDFC Phase 5","Type II Memo","2013-05-20T00:00:00.000"
"16DEP070K","Fresh Creek Basin Drainage Area High Level Storm Sewers","Technical Memorandum","2020-05-14T00:00:00.000"
"02HPD005X","Plimpton Triangle Commercial Project","Negative Declaration","2002-02-13T00:00:00.000"
"04DCP038M","Ladies Mile Rezoning","Lead Agency Letter","2004-03-18T00:00:00.000"
"04DEP032U","Rules and Regulations for the Recreational Use of Water Supply Lands and Waters","Negative Declaration","2006-08-15T00:00:00.000"
"15DCP137R","Page And Giegerich Avenues","Type II Memo","2015-04-17T00:00:00.000"
"14BSA032K","2881 Nostrand Avenue","Lead Agency Letter","2013-09-05T00:00:00.000"
"16BSA006K","186 Montague Street","Type II Memo","2017-01-24T00:00:00.000"
"12DEP042U","Delaware Aqueduct Shaft 18 - Replacement of Sample Line Casings","Type II Memo","2011-12-02T00:00:00.000"
"05DCP043R","Motorsports Entertainment Complex on Staten Island","Lead Agency Letter","2005-02-25T00:00:00.000"
"17BSA153K","1781 Bay Ridge Parkway","Type II Memo","2018-06-05T00:00:00.000"
"18DCP175K","Dyker Heights Mixed-Use Development - 6208 8th Avenue","Create CEQR Number","2018-06-08T00:00:00.000"
"00DCLA001Q","Flushing Town Hall Accessory Parking","Negative Declaration","2001-12-03T00:00:00.000"
"10DCP027R","2845 Richmond Avenue Retail Expansion","Revised EAS","2011-06-15T00:00:00.000"
"16BSA025M","44 Union Square East","EAS","2015-12-21T00:00:00.000"
"11DCP071R","500  Butler Boulevard","Type II Memo","2010-12-28T00:00:00.000"
"95DEP220R","278 Edgegrove Avenue","Conditional Negative Declaration","1995-03-22T00:00:00.000"
"97DCP017M","Murray Park Garage Special Permit","Negative Declaration","1996-11-22T00:00:00.000"
"08BSA075X","South Bronx Charter School","EAS","2008-03-31T00:00:00.000"
"98DCP061X","Marolla Place Narrowing","Lead Agency Letter","1998-06-03T00:00:00.000"
"99DPR001R","Demapping of unimproved Portion of Healy Street","Lead Agency Letter","1999-01-01T00:00:00.000"
"95DCP049K","Southeastern Brooklyn Rezoning","Lead Agency Letter","1995-04-13T00:00:00.000"
"11TLC041K","Montague Management Services,Inc. D/b/a Prominent Car & Limo., Inc.","Negative Declaration","2011-05-13T00:00:00.000"
"20DEP002U","Removal of Dean's Bridge 'P'","Lead Agency Letter","2019-07-19T00:00:00.000"
"03DCP026M","Fredrick Douglas Boulevard Rezoning","Negative Declaration","2003-04-21T00:00:00.000"
"08DCP042M","610 Lexingtion Avenue","Negative Declaration","2008-02-11T00:00:00.000"
"16BSA069X","932-934 Southern Boulevard","Type II Memo","2017-01-24T00:00:00.000"
"14HPD040K","East New York Syndication","Type II Memo","2013-12-04T00:00:00.000"
"14BSA068M","140 West 23rd Street","Lead Agency Letter","2014-03-13T00:00:00.000"
"16ECF001M","ECF East 96th Street Project","Draft Scope of Work","2016-06-10T00:00:00.000"
"20DCP006R","34 Woodvale Avenue","Type II Memo","2019-07-18T00:00:00.000"
"09DCP058K","Flatbush Rezoning","Negative Declaration","2009-02-27T00:00:00.000"
"09TLC014K","Red Hook Car & Limo Service","Negative Declaration","2009-01-16T00:00:00.000"
"05DCP063Y","West 61st Street Rezoning","EAS","2005-11-16T00:00:00.000"
"06BSA018K","Tabernacle of Praise","Lead Agency Letter","2005-12-05T00:00:00.000"
"19HPD071M","37 Hillside Avenue","EAS","2020-05-15T00:00:00.000"
"15HPD065X","St. Augustine Apartments","Negative Declaration","2015-07-14T00:00:00.000"
"84-138M","345 East 94th Street","Positive Declaration",
"19TLC009Q","Exit Car Service Inc.","Negative Declaration","2018-10-19T00:00:00.000"
"19DCP219Q","59-02 Borden Avenue Self-Storage Special Permit","EAS","2019-11-27T00:00:00.000"
"16ECF001M","ECF East 96th Street Project","EAS","2016-06-08T00:00:00.000"
"14DCP159K","Rose Plaza On The River (470 Kent Avenue)","Type II Memo","2014-04-14T00:00:00.000"
"06ECF001M","1765 First Avenue School","Negative Declaration","2005-12-15T00:00:00.000"
"13DCP012R","559 Ramona  Avenue","Type II Memo","2012-08-20T00:00:00.000"
"02BSA103K","United Talmudical Academy of Borough Park","Negative Declaration","2002-11-12T00:00:00.000"
"06DCP057K","Commerce Bank/1301 65th Street","EAS","2007-03-06T00:00:00.000"
"97DOS016X","Delivery of Residential Waste to Private Transfer Stations","EAS","1997-05-08T00:00:00.000"
"98DCP059Q","Demapping of Bessemund Avenue Public Place","Negative Declaration","2002-04-15T00:00:00.000"
"02BSA214K","57 Eagle Street Aka 233 Franklin Street","EAS","2002-05-20T00:00:00.000"
"22DHS007Q","Review of Vue Hotel Stabilization Bed Facility Safe Haven Project","Negative Declaration","2022-06-08T00:00:00.000"
"94HPD031Q","Edgemere URA","Final Scope of Work","1999-04-01T00:00:00.000"
"06TLC010Q","Diamond Car & Limousine, Inc.","Lead Agency Letter","2005-07-06T00:00:00.000"
"12BSA013Q","52-11 29th Street","Lead Agency Letter","2011-08-17T00:00:00.000"
"15HPD090K","516 Chauncey Street","Type II Memo","2015-06-11T00:00:00.000"
"00DCP015K","Flushing Bedford Rezoning","Final Scope of Work","1999-11-22T00:00:00.000"
"96DGS009K","Managed Healthcare Systems/ LBJ II","Lead Agency Letter","1995-12-20T00:00:00.000"
"19TLC007X","Apollo Radio Dispatch Inc.","Lead Agency Letter","2018-08-10T00:00:00.000"
"04SBS001M","Madison Square Business Improvement District","EAS","2003-11-24T00:00:00.000"
"04HPD013K","New Foundations Round 2, Site BK 10","Lead Agency Letter","2003-12-22T00:00:00.000"
"10DPR003K","Coney Island Steeplechase Plaza","Negative Declaration","2010-08-20T00:00:00.000"
"11HPD005Q","Rockaway Firehouse Rehabilitation","Lead Agency Letter","2010-09-21T00:00:00.000"
"01DCP054Y","Adult Establishment Text Changes","Lead Agency Letter","2001-03-23T00:00:00.000"
"09DCP024X","161st Street / River Avenue Rezoning","Final Scope of Work","2009-03-20T00:00:00.000"
"20DEP003U","Removal of Plum Brook Bridge M","EAS","2019-07-19T00:00:00.000"
"09DCP024X","161st Street / River Avenue Rezoning","Final EIS and NOC","2009-07-07T00:00:00.000"
"20HPD005M","272 East 7th Street","Type II Memo","2019-07-22T00:00:00.000"
"12BSA134Q","146-61 105th Avenue","Type II Memo","2012-12-04T00:00:00.000"
"09BSA058Q","New York Sports Club","EAS","2008-11-21T00:00:00.000"
"12DCP104R","Page Avenue","Type II Memo","2012-02-29T00:00:00.000"
"98BSA100R","Staten Island Costco Gasoline Station Addition","Lead Agency Letter","1998-07-22T00:00:00.000"
"12TLC002K","Finest Car Service, LLC","Lead Agency Letter","2011-08-04T00:00:00.000"
"07BSA014R","1657 Richmond Road","Lead Agency Letter","2006-11-27T00:00:00.000"
"00HPD009K","Bushwick Central I","Lead Agency Letter","2000-04-01T00:00:00.000"
"19TLC010M","R C Audbon Service Inc.","Lead Agency Letter","2018-12-17T00:00:00.000"
"14BSA028X","3555 White Plains Road","Lead Agency Letter","2014-06-06T00:00:00.000"
"15DCP205M","509 West 34th Street","Type II Memo","2015-06-24T00:00:00.000"
"97DCP066Y","Water Taxi Text Amendment","Negative Declaration","1997-05-19T00:00:00.000"
"11DOT016M","Safe Routes to  Schools Program (State Senate District 26)","Type II Memo","2011-04-22T00:00:00.000"
"11DME007M","The Phased Redevelopment of Governors Island","Statement of Findings","2013-06-05T00:00:00.000"
"00DCP014K","Food Bazaar at Nostrand Avenue (Dekalb Avenue Retail)","Lead Agency Letter","1999-09-21T00:00:00.000"
"99BSA002K","103-117 Kent Avenue","Negative Declaration","2000-05-02T00:00:00.000"
"03BSA136K","761 East 84th Street","Type II Memo","2004-01-06T00:00:00.000"
"20DCP005M","Two Penn Plaza - Plaza Reduction","Type II Memo","2019-07-18T00:00:00.000"
"92HPD011X","Minford Gardens Housing for the Elderly","Negative Declaration","1995-04-01T00:00:00.000"
"07TLC055M","TS Limo B L L C D/b/a Saba Car & Limo Service","Lead Agency Letter","2007-05-16T00:00:00.000"
"96DEP163Q","Bowery Bay Water Pollution Control Plant","Negative Declaration","2000-04-24T00:00:00.000"
"99BSA037X","BBQ","Lead Agency Letter","1998-10-27T00:00:00.000"
"94DEP062M","Upgrade of Pumping Stations on Roosevelt Island","Lead Agency Letter","1995-09-22T00:00:00.000"
"95DEP174R","OBWPCP-Install Vent Sy...","Terminated or Withdrawn","1997-01-01T00:00:00.000"
"00DDC001R","Bloomingdale Park","EAS",
"05CCO002Y","Proposed Int. No 415-A","EAS","2005-04-18T00:00:00.000"
"19TLC008K","Bay Express Corp","Lead Agency Letter","2018-04-23T00:00:00.000"
"06BSA044R","908 Clove Road Residences","Negative Declaration","2010-10-26T00:00:00.000"
"96BSA019X","Beth Abraham Hospital","Lead Agency Letter","1995-10-02T00:00:00.000"
"11BSA022X","3400 Baychester Avenue","Begin Additional Review","2012-07-10T00:00:00.000"
"11TLC015K","V. S. Express Limousine & Car Service Inc.","Negative Declaration","2010-10-18T00:00:00.000"
"01BSA158K","85 Union Street","Negative Declaration","2002-08-06T00:00:00.000"
"98DCP062M","Rockefeller Plaza West","Negative Declaration","1998-06-29T00:00:00.000"
"92DEP019X","Griswald Avenue Sewers","Negative Declaration","1992-01-01T00:00:00.000"
"94BSA075X","Jack LaLanne-Bay Plaza","Negative Declaration","1994-11-01T00:00:00.000"
"17ECF001K","Khalil Gibran/80 Flatbush","DEIS & Notice of Completion","2018-02-23T00:00:00.000"
"15DCP126R","314 Wilson Avenue","Type II Memo","2015-03-19T00:00:00.000"
"94DOS024X","Paper Fibres Corp.","Revised EAS","1994-11-02T00:00:00.000"
"19TLC008K","Bay Express Corp","EAS","2018-04-23T00:00:00.000"
"98DOS004K","Eastern Transfer of New York, Inc.","EAS","1998-04-15T00:00:00.000"
"14HPD086X","PRC Monterey","Type II Memo","2014-05-28T00:00:00.000"
"14TLC004Q","Mazal Car Service Inc.","Negative Declaration","2013-07-22T00:00:00.000"
"14TLC014X","Flash #1 Car Services Inc.","Lead Agency Letter","2013-10-07T00:00:00.000"
"03DCP028M","106 Mott Street Garage","Technical Memorandum","2004-12-02T00:00:00.000"
"02BSA043X","Congregation Knesseth Bais Yaakov","Lead Agency Letter","2002-04-10T00:00:00.000"
"06DCP061M","Zoning Map Amendment 655 West 125th Street","Withdrawn","2007-12-19T00:00:00.000"
"87-047Q","15th Avenue and 112th Street","Revised Conditional Negative Declaration","1988-01-25T00:00:00.000"
"11BSA057R","121 Finley Avenue","Type II Memo","2011-07-19T00:00:00.000"
"95DCP059M","326-328 Parking Garage Authorization","Negative Declaration","1996-10-01T00:00:00.000"
"07SBS017K","Court - Livingston-Schermerhorn Business Improvement District","Lead Agency Letter","2006-11-06T00:00:00.000"
"89-116K","21-59 Lorimer Street","Revised Negative Declaration","1992-10-29T00:00:00.000"
"01DCP015Q","Rockaway Boulevard Rezoning","Lead Agency Letter","2000-10-10T00:00:00.000"
"96BSA011M","37 West 46th Street","Lead Agency Letter","1995-08-22T00:00:00.000"
"12BSA016X","2488 Grand Concourse","Lead Agency Letter","2011-09-16T00:00:00.000"
"13DHS006M","Samaritan Village Adult Transitional Residence 225 East 53rd Street","Negative Declaration","2013-04-03T00:00:00.000"
"09TLC018K","Promenade Car Lease Inc","Negative Declaration","2009-01-22T00:00:00.000"
"07TLC044Q","Ocean Car Service d/b/a Beach Car Service","Lead Agency Letter","2007-04-19T00:00:00.000"
"00BSA123K","Throop Avenue and Middleton Street","Lead Agency Letter","2000-04-13T00:00:00.000"
"20DCP148K","2892 Nostrand Avenue Rezoning","Lead Agency Letter","2020-05-19T00:00:00.000"
"96HRA003M","Washington Heights Inwood Day Care Center","Negative Declaration","1996-10-21T00:00:00.000"
"98DEP027U","Croton Water Filtration Project","Positive Declaration","2003-08-22T00:00:00.000"
"08BSA040M","312 Fifth Avenue","Negative Declaration","2008-04-01T00:00:00.000"
"19DEP033U","Kensico Eastview Connection Geotech Investigation Phase 2","Type II Memo","2019-07-23T00:00:00.000"
"17ECF001K","Khalil Gibran/80 Flatbush","Lead Agency Letter","2017-04-20T00:00:00.000"
"13TLC033K","NYC Star Limousine & Car Service Corp. D/b/a NYC Star Car Service","Lead Agency Letter","2013-01-25T00:00:00.000"
"13DOT021Q","College Point Permeable Pavement","Type II Memo","2013-02-25T00:00:00.000"
"07HPD010X","Social Security Office Parking","Lead Agency Letter","2006-09-28T00:00:00.000"
"10BSA123X"," 802,804,806,808 and 810 East 147th Street","EAS","2009-06-07T00:00:00.000"
"04HPD004K","Wazobia House","Lead Agency Letter","2003-09-12T00:00:00.000"
"10BSA005X","806 East 147th Street","Lead Agency Letter","2009-07-20T00:00:00.000"
"94DEP058U","Margaretville - Arkville Sewage Treatment Plant","EAF (State)",
"98DHS001K","Kingsboro Transitional Residence","Negative Declaration","1997-08-01T00:00:00.000"
"11DCP121M","NYU Core","Draft EIS and NOC","2011-12-30T00:00:00.000"
"17HPD061Q","88-07 132nd Street","Type II Memo","2017-02-13T00:00:00.000"
"14BSA054Q","168-42 Jamaica Avenue","Negative Declaration","2014-06-24T00:00:00.000"
"94BSA078Q","Farmers Boulevard Service Station","Lead Agency Letter",
"06BSA062M","10 Hanover Square","Lead Agency Letter","2006-05-15T00:00:00.000"
"13DCP123M","36 Bleecker Street","Negative Declaration","2013-04-22T00:00:00.000"
"07DEP020Y","Amendments to Chapter 20 of Title 15 of the Rules of the City of NY Governing and Restricting the Use and Supply of Water","EAS","2007-04-27T00:00:00.000"
"07TLC020X","Community Car Service","Negative Declaration","2006-12-14T00:00:00.000"
"92-632K","Maimonides Medical Center","EAS","1992-06-19T00:00:00.000"
"08BSA093K","Central UTA","EAS","2008-04-17T00:00:00.000"
"05DME020X","Community Gardens","Type II Memo","2005-03-30T00:00:00.000"
"93DCP012Q","Flushing Manor Geriatric Center","EAS","1992-08-28T00:00:00.000"
"94DEP094K","Owls Head CSO Interim","EAS","1995-02-10T00:00:00.000"
"97DCP013Y","BSA Special Permit, Enlargements of Single and Two Family Residences","Negative Declaration","1996-10-21T00:00:00.000"
"15DOT022X","Component Rehabiltation of Two Bridges","Type II Memo","2015-06-26T00:00:00.000"
"93BSA034X","Kantrovitz Cleaners","EAS","1992-12-16T00:00:00.000"
"11HPD003X","2311 Tiebout Avenue","Lead Agency Letter","2010-08-10T00:00:00.000"
"14CCO001Y","Intro. 1061-A","Negative Declaration","2013-08-21T00:00:00.000"
"17ECF001K","Khalil Gibran/80 Flatbush","DEIS Comment Period End","2018-06-23T00:00:00.000"
"02HPD028M","Bradhurst Village Early Childhood Training Academy","Lead Agency Letter","2002-06-03T00:00:00.000"
"07HPD027M","Harlem Downing Project","Lead Agency Letter","2007-03-19T00:00:00.000"
"11DCP132M","Audubon IV","Type II Memo","2011-07-13T00:00:00.000"
"14TLC017M","Lenox Car Service Inc.","Negative Declaration","2013-11-13T00:00:00.000"
"00BSA025Q","Marathon Plaza","Lead Agency Letter","1999-08-13T00:00:00.000"
"16BSA011M","281 Broadway","Type II Memo","2017-01-24T00:00:00.000"
"94DBS006M","Downtown Lower Manhattan BID","Lead Agency Letter","1994-04-01T00:00:00.000"
"13TLC022K","Passenger One LLC","Lead Agency Letter","2012-11-28T00:00:00.000"
"04DHS002X","VIP/Aguila Transitional Residence","Negative Declaration","2003-10-08T00:00:00.000"
"03BSA195Q","114-02 Van Wyck Expressway","Negative Declaration","2003-10-28T00:00:00.000"
"19TLC003X","Premium Bronx Corp.","Lead Agency Letter","2018-07-05T00:00:00.000"
"10DCP041M","West 155th Street Zoning Map Amendment","On Hold","2011-05-23T00:00:00.000"
"93DCP028Q","Eunhae Presbyterian Church","EAS","1993-02-03T00:00:00.000"
"95DEP007X","Hunts Point Dewatering Facility Curb Cuts","EAS",
"07DEP069U","Murphy Hill 2 Forest Management Project","Negative Declaration","2007-09-06T00:00:00.000"
"02BSA092X","3660 Boston Road","Negative Declaration","2002-08-06T00:00:00.000"
"05DEP017X","Demolition of Demonstration Water Treatment Plant and Upgrades to Gate House Nos. 5 and 7","Negative Declaration","2006-06-28T00:00:00.000"
"09DCP027K","Robert Venable Park Residential","EAS","2008-11-05T00:00:00.000"
"09TLC038K","G.A.L. Limo, Services, Inc d/b/a Hana Car Service","Lead Agency Letter","2009-04-17T00:00:00.000"
"96DEP033K","Paerdegat Basin CSO Fa...","Terminated or Withdrawn","1996-06-01T00:00:00.000"
"99BSA080M","15 West 28th Street","EAS",
"05DPR001K","Schaefer Brewery Water Taxi Landing","Lead Agency Letter","2004-07-09T00:00:00.000"
"13TLC056Q","Patron Car Service Inc.","Lead Agency Letter","2013-06-04T00:00:00.000"
"96DEP025U","Rehabilitation of Croton Falls Dam","EAF (State)","2006-03-16T00:00:00.000"
"94DCP016Q","McDonald Restaurant","Lead Agency Letter","1993-12-06T00:00:00.000"
"95DCP055M","Special Greenwich Village Hudson River District","Negative Declaration","1995-09-18T00:00:00.000"
"20DEP004U","Removal of Lakeside Road Katonah Bridge H","Lead Agency Letter","2019-07-19T00:00:00.000"
"98BSA011K","451 East New York Avenue","EAS","1997-04-14T00:00:00.000"
"09TLC006K","McGuines Car Service, Inc","EAS","2008-11-18T00:00:00.000"
"10DCP021M","1741/51 Park Avenue","Negative Declaration","2012-06-18T00:00:00.000"
"22DHS006M","Care Found Here Chinatown Safe Haven Project","Negative Declaration","2022-07-08T00:00:00.000"
"03DHS008X","Jerome Avenue Transitional Residence and Drop-in Center","Lead Agency Letter","2003-03-19T00:00:00.000"
"19TLC006X","Unicar Company Inc.","EAS","2018-08-20T00:00:00.000"
"11DOT019M","Safe Routes to Schools Program (State Senate District 30)","Type II Memo","2011-04-22T00:00:00.000"
"98BSA031Q","Ezra Academy","EAS","1997-11-07T00:00:00.000"
"09DPR001X","Bronx River House","Negative Declaration","2008-08-29T00:00:00.000"
"95DEP258K","Atlas Bio-Energy Corporation CO - Generation Facility","Lead Agency Letter","1996-04-15T00:00:00.000"
"15DPR013M","East Side Coastal Resiliency Project","Technical Memorandum","2021-12-22T00:00:00.000"
"97DCP015R","107-123 Text Change Amendment","EAS","1996-10-09T00:00:00.000"
"07TLC028Q","Easy Ride Car Service Inc","Lead Agency Letter","2007-02-26T00:00:00.000"
"19DOT003M","Water Street Streetscape Improvements from Whitehall Street to Fulton Street","Type II Memo","2018-07-20T00:00:00.000"
"19TLC009Q","Exit Car Service Inc.","EAS","2018-10-19T00:00:00.000"
"11DME007M","The Phased Redevelopment of Governors Island","Final Scope of Work","2011-10-19T00:00:00.000"
"97FDO001M","Old Engine Co. 58 into Ambulance Station","Lead Agency Letter","1998-04-01T00:00:00.000"
"17ECF001K","Khalil Gibran/80 Flatbush","FEIS & Notice of Completion","2018-07-26T00:00:00.000"
"12DEP076U","Installation of Communication Lines at Delaware Aqueduct Shaft No. 10","Type II Memo","2012-04-27T00:00:00.000"
"13BSA053K","964 Dean Street","Lead Agency Letter","2012-12-10T00:00:00.000"
"19TLC004K","Puebla City Inc.","Negative Declaration","2018-07-01T00:00:00.000"
"94DCP008Y","E Designation - Text Amendment","Negative Declaration","1993-11-01T00:00:00.000"
"03BSA115X","Bronx Children's Psychiatric Center","Lead Agency Letter","2004-03-09T00:00:00.000"
"19TLC004K","Puebla City Inc.","EAS","2018-07-01T00:00:00.000"
"13BSA117M","1054 Simpson Street","Type II Memo","2013-09-17T00:00:00.000"
"10HPD008M","True Colors Residence","Lead Agency Letter","2009-08-18T00:00:00.000"
"09DCP063Q","72-75 Woodhaven Boulevard","Lead Agency Letter","2009-05-15T00:00:00.000"
"16ECF001M","ECF East 96th Street Project","Positive Declaration","2016-06-10T00:00:00.000"
"20DCP008M","220 11th Avenue AHF Cert","Type II Memo","2019-07-18T00:00:00.000"
"16DCP002K","251 Front Street Rezoning","Withdrawn","2017-06-05T00:00:00.000"
"96HRA003M","Washington Heights Inwood Day Care Center","Create CEQR Number","2003-04-25T00:00:00.000"
"95BSA047K","Brooklyn Hospital Center","Positive Declaration","1998-08-14T00:00:00.000"
"94DCP036M","Block 1090 Rezoning","Lead Agency Letter","1994-06-15T00:00:00.000"
"00DME013K","Red Hook Stores","Lead Agency Letter","2001-05-16T00:00:00.000"
"13BSA139K","1054-1064 Bergen Avenue","Lead Agency Letter","2013-05-23T00:00:00.000"
"08DCP064M","4-8 East 94th Street","Negative Declaration","2009-03-16T00:00:00.000"
"04BSA001Q","115-15 Farmers Boulevard","EAS","2003-04-11T00:00:00.000"
"15HPD028M","Northern Manhattan Equities Year 15 - 4 scattered sites","Lead Agency Letter","2014-11-10T00:00:00.000"
"12DEP009U","CRO-374, Road Reconstruction - Mahopac Inspector's Office","Type II Memo","2011-09-20T00:00:00.000"
"03BSA172M","Equinox Fitness at Columbus Circle","Negative Declaration","2003-09-16T00:00:00.000"
"07BSA085M","24 West 30th Street","EAS","2007-05-01T00:00:00.000"
"19DCP008M","221-227 West 28th Street Parking Special Permit","Lead Agency Letter","2018-07-30T00:00:00.000"
"10BSA056K","95 Taaffe Place","Withdrawn","2010-02-02T00:00:00.000"
"13DME001R","Charleston Mixed-Use Development","DEIS Comment Period End","2013-08-05T00:00:00.000"
"00DCP061M","Myers West 39th Street Parking Garage","Lead Agency Letter","2000-05-01T00:00:00.000"
"12DEP025U","RWBT Bypass Project - Stratographic Geotechnical Borings (RB-5)","Type II Memo","2011-11-01T00:00:00.000"
"06DME014Q","Jamaica Courthouse Redevelopment","EAS","2006-09-19T00:00:00.000"
"01BSA161X","450 West 250th Street (Yeshivas Ohavei Torah)","Negative Declaration","2001-12-18T00:00:00.000"
"98DCP017R","Carmel Richmond Nursing Home","Negative Declaration","1998-01-05T00:00:00.000"
"98HPD010K","329 Lincoln Road","Lead Agency Letter","1998-03-01T00:00:00.000"
"11BSA047K","2063 Ralph Avenue","Negative Declaration","2011-11-01T00:00:00.000"
"94BSA035X","4555 Henry Hudson Parkway","EAS","1993-09-23T00:00:00.000"
"15DPR013M","East Side Coastal Resiliency Project","Statement of Findings","2019-12-06T00:00:00.000"
"94BSA008Q","112-45 Springfield Boulevard","EAS",
"19TLC002K","LiL'D Dispatch Inc.","EAS","2018-07-07T00:00:00.000"
"04BSA019K","1861 East 21st Street","Type II Memo","2003-12-09T00:00:00.000"
"13DEP023U","Disposition of Sewer Easements in Four Watershed Towns","Type II Memo","2013-03-11T00:00:00.000"
"10BSA017M","Central Synagogue Community House","Lead Agency Letter","2009-08-31T00:00:00.000"
"14BSA146M","455 West 37th Street","Lead Agency Letter","2014-05-27T00:00:00.000"
"07TLC037R","Clove Lakes Cars","Lead Agency Letter","2007-01-25T00:00:00.000"
"17HPD062Q","Bridgeview III PLP","Type II Memo","2017-02-14T00:00:00.000"
"95BSA087K","Community Bookstore","EAS","1995-06-21T00:00:00.000"
"01DCP069Q","Harvard Language Center","Lead Agency Letter","2001-10-15T00:00:00.000"
"20DCP007R","717 Bloomingdale Road","Type II Memo","2019-07-18T00:00:00.000"
"18DCP175K","Dyker Heights Mixed-Use Development - 6208 8th Avenue","Positive Declaration","2018-07-30T00:00:00.000"
"08TLC048K","Expressway Metro Cars Inc","EAS","2008-02-15T00:00:00.000"
"96DOT005Y","Lead Paint Containment w/ Bridge Maint.","Positive Declaration","1997-06-01T00:00:00.000"
"08TLC019Q","All Queens Car & Limo Inc","Lead Agency Letter","2007-08-28T00:00:00.000"
"02DEP089U","Removal of the Dunraven Causeway Bridge","Negative Declaration","2005-04-01T00:00:00.000"
"08BSA060R","Synergy Fitness Richmond Hill","Negative Declaration","2008-09-09T00:00:00.000"
"96BSA034K","Strettiner Bais Hamedrash","EAS","1996-01-23T00:00:00.000"
"98BSA055K","441 Wythe Avenue","Negative Declaration","1998-08-11T00:00:00.000"
"04BSA073M","343 West 16th Street","EAS","2003-08-20T00:00:00.000"
"16DEP070K","Fresh Creek Basin Drainage Area High Level Storm Sewers","Begin Additional Review","2020-05-14T00:00:00.000"
"05DPR006X","Yankee Stadium Redevelopment Project","Final Scope of Work","2005-09-21T00:00:00.000"
"09BSA024Q","71-52 172nd Street","Lead Agency Letter","2012-05-18T00:00:00.000"
"93HRA006M","New Providence House Transitional Living Community and STAR Therapeutic Community Residence","Conditional Negative Declaration","1992-10-01T00:00:00.000"
"19TLC008K","Bay Express Corp","Negative Declaration","2018-04-23T00:00:00.000"
"18DCP175K","Dyker Heights Mixed-Use Development - 6208 8th Avenue","Draft Scope of Work","2018-07-30T00:00:00.000"
"92DEP058Q","Peninsula Hospital Incinerator","Lead Agency Letter","1992-02-01T00:00:00.000"
"00DCP041M","The Helena-West 57th Street a/k/a West 57th Street Rezoning","EAS","1999-12-21T00:00:00.000"
"17ECF001K","Khalil Gibran/80 Flatbush","EAS","2017-05-24T00:00:00.000"
"95HPD007K","Bedford-Stuyvesant I URA - 2 nd Amendment","Negative Declaration","1997-07-01T00:00:00.000"
"96DCP017R","BJ's Warehouse","EAS","1995-11-28T00:00:00.000"
"04DEP198U","Reconstruction of Seven Bridges at the Ashokan Reservoir (CAT - 177)","EA (Federal)","2007-03-05T00:00:00.000"
"04NYP002M","One Police Plaza Security Plan","Final Scope of Work","2006-06-26T00:00:00.000"
"09TLC033K","West End Car & Limousines Inc","Negative Declaration","2009-05-06T00:00:00.000"
"19DCP094M","3 St. Marks Place","Negative Declaration","2019-11-29T00:00:00.000"
"07TLC044Q","Ocean Car Service d/b/a Beach Car Service","EAS","2007-04-16T00:00:00.000"
"08DCP034X","Special Hunts Point Rezoning","Negative Declaration","2008-01-07T00:00:00.000"
"96DEP131K","Proposed Wharf, Pier and Berthing Facility at the Red Hook Water Pollution Control Plant","Negative Declaration","1998-04-21T00:00:00.000"
"17ECF001K","Khalil Gibran/80 Flatbush","Scoping Meeting ","2017-06-28T00:00:00.000"
"07BSA027Q","Evolution Sports Club","EAS","2006-10-05T00:00:00.000"
"98BSA012Q","130-30 31st Avenue","Lead Agency Letter","1997-09-05T00:00:00.000"
"21DCP059M","Soho/NoHo Neighborhood Plan","Technical Memorandum","2021-12-14T00:00:00.000"
"09HPD016M","Erbograph Apartments","Negative Declaration","2008-10-14T00:00:00.000"
"01DCP050M","Memorial Sloan Kettering Cancer Center Campus Rezoning","Positive Declaration","2001-03-26T00:00:00.000"
"17ECF001K","Khalil Gibran/80 Flatbush","Scope Comment Period End","2017-07-28T00:00:00.000"
"19TLC006X","Unicar Company Inc.","Negative Declaration","2018-08-20T00:00:00.000"
"07HPD034X","Shakespeare Place","Negative Declaration","2007-10-24T00:00:00.000"
"98BSA009M","Body Maximus","Lead Agency Letter","1997-09-03T00:00:00.000"
"09TLC002K","New York Cars Corp","Negative Declaration","2008-09-05T00:00:00.000"
"19DCP019X","East 178th Street Demapping","Lead Agency Letter","2018-07-30T00:00:00.000"
"09TLC037K","Safe Car Service","Negative Declaration","2009-05-26T00:00:00.000"
"17ECF001K","Khalil Gibran/80 Flatbush","Final Scope of Work","2018-02-07T00:00:00.000"
"17DCP098K","Sea Park North","Create CEQR Number","2017-01-19T00:00:00.000"
"06DHS001K","The Liberty Family Residence","Lead Agency Letter","2005-11-03T00:00:00.000"
"96DGS010Q","Jamaica Hospital/Merrick Boulevard","Lead Agency Letter","1995-12-27T00:00:00.000"
"18DHS020X","885 East 149th Street","Lead Agency Letter","2018-07-12T00:00:00.000"
"96DEP027U","Middle Branch Dam Reconstruction","EAS","1999-08-20T00:00:00.000"
"17ECF001K","Khalil Gibran/80 Flatbush","Positive Declaration","2017-05-24T00:00:00.000"
"07HPD012R","Lafayette Manor Senior Housing","EAS","2006-11-03T00:00:00.000"
"00DOH002Y","Mosquito-Borne Disease Control Plan for Adult Mosquitoes EIS","Technical Memorandum","2017-06-30T00:00:00.000"
"94DEP219R","Richmond Creek Drainage Plan","Scoping Meeting","1996-10-28T00:00:00.000"
"98DCP031M","Theatre Subdistrict Zoning Map and Text Amendment","Revised EAS","1998-01-08T00:00:00.000"
"96DCP007R","SportsFest","Lead Agency Letter","1995-08-28T00:00:00.000"
"19DPR007X","Bronx River Channel Rehabilitation and Restoration","Negative Declaration","2019-12-06T00:00:00.000"
"04BSA053K","433 Columbia Street","Negative Declaration","2004-03-30T00:00:00.000"
"00BSA009M","11 Monroe Street","Lead Agency Letter","2000-08-01T00:00:00.000"
"11DPR014K","Union Avenue Demapping","Lead Agency Letter","2011-04-04T00:00:00.000"
"15DCP103M","3 Hudson Boulevard","Type II Memo","2015-02-02T00:00:00.000"
"17ECF001K","Khalil Gibran/80 Flatbush","Draft Scope of Work","2017-05-24T00:00:00.000"
"03BSA117K","163-165 Parkville Avenue (Babad)","EAS","2002-12-24T00:00:00.000"
"97DEP079X","Hunts Point Water Pollution Control Plant","Lead Agency Letter","1997-05-14T00:00:00.000"
"03BSA160K","Kent Avenue","Lead Agency Letter","2003-04-09T00:00:00.000"
"13DCP137M","16/20 West 138th Street","Type II Memo","2013-05-24T00:00:00.000"
"09HPD002K","Van Siclen/Warwick Project","Negative Declaration","2009-04-14T00:00:00.000"
"94DCP015Y","Quality Housing Text Amendment","Technical Memorandum","1994-03-04T00:00:00.000"
"93BSA062M","Anderson Theater Apartment Building","Revised EAS","1993-06-01T00:00:00.000"
"96DCP005M"," The River Center","Public Hearing for DEIS","1998-12-09T00:00:00.000"
"11DCP124R","Edgegrove Avenue","Type II Memo","2011-04-22T00:00:00.000"
"12BSA060M","432-440 Park Avenue","Negative Declaration","2012-03-27T00:00:00.000"
"07SBS013K","Bush Terminal Pier 6","Withdrawn","2013-12-12T00:00:00.000"
"06DCP097M","50 Howard Street","Negative Declaration","2007-07-23T00:00:00.000"
"04DCP013Q","New Millennium/Prince Street","Lead Agency Letter","2003-10-22T00:00:00.000"
"18DCP175K","Dyker Heights Mixed-Use Development - 6208 8th Avenue","EAS","2018-07-30T00:00:00.000"
"13DCP054Q","Sidewalk Cafe Listings for LIC and PC (Sunnyside Gardens) Special Districts and LIC  District Area C Base Height Text Amendments","Lead Agency Letter","2012-12-14T00:00:00.000"
"98DCP020M","195 Hudson Street Parking Garage","Negative Declaration","1997-12-01T00:00:00.000"
"19TLC002K","LiL'D Dispatch Inc.","Lead Agency Letter","2018-07-07T00:00:00.000"
"94DEP087K","Gowanus Canal CSO Interim","EAS","1994-09-22T00:00:00.000"
"19TLC003X","Premium Bronx Corp.","EAS","2018-07-05T00:00:00.000"
"04SBS012X","161st Street Business Improvement District","Negative Declaration","2004-04-28T00:00:00.000"
"95BSA030X","3111 Tremont Avenue","Lead Agency Letter",
"19DCP016M","The Windermere","Lead Agency Letter","2018-07-30T00:00:00.000"
"98DOS004K","Eastern Transfer of New York, Inc.","Lead Agency Letter",
"16ECF001M","ECF East 96th Street Project","Scope Comment Period End","2016-07-11T00:00:00.000"
"17HPD045Y","Sheva Portfolio","Type II Memo","2017-02-14T00:00:00.000"
"14HPD062X","Mott Haven","Negative Declaration","2014-06-24T00:00:00.000"
"01BSA067M","501 Broadway and Mercer Street","Lead Agency Letter","2000-12-27T00:00:00.000"
"91-211Q","Powells Cove Park","Negative Declaration","1992-03-01T00:00:00.000"
"09HPD001K","577-583 Belmont Avenue","Lead Agency Letter","2008-07-08T00:00:00.000"
"98BSA083K","59 Taaffe Place","Lead Agency Letter","1998-05-11T00:00:00.000"
"06DHS001K","The Liberty Family Residence","EAS","2005-10-18T00:00:00.000"
"15DCP100R","240 Lee Avenue","Type II Memo","2015-02-02T00:00:00.000"
"96NYP004K","PSA # 2 Parking Lot","Negative Declaration","1996-05-30T00:00:00.000"
"01DME005X","Gloria Weiss Boys and Girls Club","Negative Declaration","2001-09-07T00:00:00.000"
"15HPD099K","CATCH - Central Harlem HDFC","Type II Memo","2015-06-26T00:00:00.000"
"06DCP095K","45 Summit Street","CND","2007-08-20T00:00:00.000"
"09DCP024X","161st Street / River Avenue Rezoning","Public Hearing for DEIS","2009-07-01T00:00:00.000"
"02HPD013M","Alice Kornegay Senior Homes","Lead Agency Letter","2001-12-04T00:00:00.000"
"94BSA028K","540 Fulton Street","EAS",
"07TLC016R","Bloomingdale Car Service","Negative Declaration","2006-12-14T00:00:00.000"
"16ECF001M","ECF East 96th Street Project","Final Scope of Work","2017-01-12T00:00:00.000"
"07NYP004X","Public Safety Answering Center II (PSAC II)","DEIS & Notice of Completion","2008-08-18T00:00:00.000"
"86-064R","Prince's Point Rezoning","Technical Memorandum","2004-11-19T00:00:00.000"
"15DCP020Q","North Conduit Avenue at Springfield Avenue Demapping","Lead Agency Letter","2014-08-25T00:00:00.000"
"05DCP033Q","Francis Lewis Boulevard Rezoning","Negative Declaration","2005-04-11T00:00:00.000"
"14HPD057X","Burnside and Walton Towers","Negative Declaration","2014-05-15T00:00:00.000"
"04DCP056M","1129-1133 York Avenue","CND","2005-07-25T00:00:00.000"
"15DCP187R","7474 Amboy  Road","Type II Memo","2015-07-07T00:00:00.000"
"03BSA134K","649 39th Street","Negative Declaration","2004-08-10T00:00:00.000"
"10DOS007Q","Contracts for Export of Municipal Solid Waste from the Borough of Queens","EAS","2009-11-19T00:00:00.000"
"03DCP066M","38-44 Laight Street","Lead Agency Letter","2003-05-14T00:00:00.000"
"00BSA157K","170 Tillary Street","Lead Agency Letter","2000-07-01T00:00:00.000"
"96DCP025Q","Metro Rinks","Lead Agency Letter","1996-01-22T00:00:00.000"
"97BSA001M","Scholastic Inc.","Negative Declaration","1997-08-05T00:00:00.000"
"06DCP112R","Union Avenue Rezoning","CND","2011-03-30T00:00:00.000"
"03BSA001R","6778 Hylan Boulevard","Begin Additional Review","2011-09-20T00:00:00.000"
"12TLC014Q","La Corona Car & Limousine Service Inc.","Negative Declaration","2011-10-18T00:00:00.000"
"96DEP016U","Hillview Reservoir","Negative Declaration","1996-09-16T00:00:00.000"
"07HPD015R","Markham Gardens","Negative Declaration","2006-11-09T00:00:00.000"
"18DCP175K","Dyker Heights Mixed-Use Development - 6208 8th Avenue","Notice of Scoping Meeting","2018-07-30T00:00:00.000"
"15SBS006K","Expansion of the Fulton Street BID","Negative Declaration","2015-06-19T00:00:00.000"
"96DCP065K","Council Towers III","Conditional Negative Declaration","1996-08-01T00:00:00.000"
"02DME002K","Coney Island Baseball Musuem","Negative Declaration","2001-12-21T00:00:00.000"
"93DOS010K","New York Materials Recycling","EAS","1993-06-18T00:00:00.000"
"09BSA012M","Park Avenue South New York Health and Racquet Club","Negative Declaration","2009-02-10T00:00:00.000"
"05DCP020M","Fordham University Lincoln Center Master Plan","Positive Declaration","2007-06-20T00:00:00.000"
"12BSA017M","87-89 Chambers Street","Negative Declaration","2011-11-22T00:00:00.000"
"22DCP158M","1357 2nd Avenue Transit Easement Certification","Type II Memo","2022-03-31T00:00:00.000"
"10DEP046U","Extended New York City Watershed Land Acquisition Program","Lead Agency Letter","2010-02-10T00:00:00.000"
"15DOS018Y","DSNY 2015 Amendments to Refrigerant Recovery Fules","Negative Declaration","2015-03-02T00:00:00.000"
"07NYP003Q","Police Academy - College Point","FEIS & Notice of Completion","2009-09-03T00:00:00.000"
"07BSA012K","1073 East 24th Street","Type II Memo","2008-07-22T00:00:00.000"
"11DCP020R","740 Annadale Road","Type II Memo","2010-09-24T00:00:00.000"
"00DCP050X","MRI Research Center for Albert Einstein College of Medicine","EAS","2000-08-10T00:00:00.000"
"94DCP012R","4285 Arthur Kill Road Parking Lot","Negative Declaration","1995-01-30T00:00:00.000"
"20DOT013R","Traffic Improvements at Gulf Avenue and Frank W. Gay Boulevard","Type II Memo","2019-12-06T00:00:00.000"
"00DME011X","Fulton Fish Market at Hunts Point","Statement of Findings","2001-11-02T00:00:00.000"
"11DME007M","The Phased Redevelopment of Governors Island","Final Scope of Work","2013-02-13T00:00:00.000"
"03DBS001M","Chinatown/Lower East Side Empire Zone","Negative Declaration","2002-08-27T00:00:00.000"
"97BSA083K","78-02 Flatlands Avenue","Lead Agency Letter","1997-02-21T00:00:00.000"
"10TLC002R","Double A Car Service Inc","Lead Agency Letter","2009-07-06T00:00:00.000"
"00DCP029Q","Waterview Nursing Care Center Expansion","Revised EAS","2001-01-15T00:00:00.000"
"20DME004K","69 Adams Street","EAS","2020-10-01T00:00:00.000"
"15HPD053K","339 Berry Street (LPC Warehouse)","Begin Additional Review","2015-05-13T00:00:00.000"
"22DCP154K","GSD Remediation Certification - 175 Third Street","Type II Memo","2022-03-31T00:00:00.000"
"99DCP011Q","Utopia Community Residential Health Care Facility","EAS","1998-08-26T00:00:00.000"
"14DME002K","510 Gates Avenue Zoning Override","Negative Declaration","2013-07-24T00:00:00.000"
"11BSA035K","175 Exter Street","Type II Memo","2011-10-18T00:00:00.000"
"16ECF001M","ECF East 96th Street Project","Scoping Meeting ","2016-06-29T00:00:00.000"
"07TLC011Q","Paisa 2 Car & Limousine Service Inc.","Lead Agency Letter","2006-09-29T00:00:00.000"
"94DCP009Q","Springfield Garden Pathmark Supermarket","EAS","1993-07-12T00:00:00.000"
"11DPR011R","Planned work at Cedar Grove Beach","Type II Memo","2011-03-24T00:00:00.000"
"15SBS001M","Establishment of Meatpacking Area Business Improvement District","Negative Declaration","2014-10-22T00:00:00.000"
"94DEP081X","Bronx River CSO Interim","Negative Declaration","1994-11-01T00:00:00.000"
"94DEP086K","English Kills CSO Interim","Negative Declaration","1994-11-22T00:00:00.000"
"04DME008Q","Far Rockaway Clothing Assembly and Distribution Center/a/k/a Federal Jeans","Lead Agency Letter","2003-10-14T00:00:00.000"
"98DCP044M","West 41st Street Rezoning","Revised EAS","1998-06-17T00:00:00.000"
"11DME002Q","Sambucci Certification","Type II Memo","2010-08-31T00:00:00.000"
"05DCP073R","Amboy Road Retail","Lead Agency Letter","2005-05-19T00:00:00.000"
"96BSA002K","623 Fourth Avenue","EAS","1995-05-15T00:00:00.000"
"08BSA063K","491 Bedford Avenue","Lead Agency Letter","2008-06-05T00:00:00.000"
"93DCP033M","Avenue of Americans Rezoning","Public Hearing for DEIS","1995-08-09T00:00:00.000"
"03DCP042M","Broadway-Grand","Begin Additional Review","2005-06-06T00:00:00.000"
"04DCP061X","Central Riverdale/Spuyten Duyvil Rezoning","Negative Declaration","2004-06-21T00:00:00.000"
"13HPD081X","1191 Boston Road - Common Ground","Negative Declaration","2013-06-20T00:00:00.000"
"11BSA090M","208 West 125th Street","Lead Agency Letter","2011-05-09T00:00:00.000"
"06ECF001M","1765 First Avenue School","Lead Agency Letter","2005-10-19T00:00:00.000"
"16ECF001M","ECF East 96th Street Project","DEIS & Notice of Completion","2017-01-12T00:00:00.000"
"07NYP004X","Public Safety Answering Center II (PSAC II)","FEIS & Notice of Completion","2009-01-23T00:00:00.000"
"95DCP055M","Special Greenwich Village Hudson River District","Revised EAS",
"07SBS014X","Anheuser - Busch Distribution Facility","Begin Additional Review","2007-07-17T00:00:00.000"
"14TLC026Q","Springfield Cars","Lead Agency Letter","2013-11-13T00:00:00.000"
"01DCP059M","727 11th Avenue","Lead Agency Letter","2001-04-12T00:00:00.000"
"00HPD011X","St. Ann's Phase II","Negative Declaration","2000-04-01T00:00:00.000"
"00DEP032K","Newtown Creek Water Pollution Control Plant (WPCP)/Track 3 Upgrade","Scoping Meeting","2002-12-17T00:00:00.000"
"15DCP188M","2 Rector Street","Type II Memo","2015-06-05T00:00:00.000"
"20DCP082Q","214-32 Hillside Avenue Rezoning","Create CEQR Number","2019-12-04T00:00:00.000"
"16DCP003M","90 Bedford Street","Lead Agency Letter","2015-07-15T00:00:00.000"
"99BSA001M","Aaron Davis Hall","Lead Agency Letter","1999-04-01T00:00:00.000"
"08DCP003M","310-328 West 38th Street","Negative Declaration","2008-01-07T00:00:00.000"
"07SBS018Q","The Sunnyside Business Improvement District (BID)","EAS","2006-12-29T00:00:00.000"
"04BSA103X","AECOM Outpatient Methadone Maintenance Program Center","EAS","2003-11-29T00:00:00.000"
"15DCP156K","3133-3135 Emmons Avenue","Create CEQR Number","2015-04-22T00:00:00.000"
"12DPR001R","Creating Public Access at the Former Blissenbach Marina","Negative Declaration","2011-12-08T00:00:00.000"
"06DOT012X","Havemeyer Phase II / Capitol Project HWX969B","Lead Agency Letter","2006-02-07T00:00:00.000"
"13DME010X","707 East 211 Street - NYCT Substation","CND Comment Period End","2013-11-15T00:00:00.000"
"94BSA083K","Alpine Pontiac Showroom","Lead Agency Letter",
"17DCP098K","Sea Park North","Lead Agency Letter","2017-02-10T00:00:00.000"
"07NYP003Q","Police Academy - College Point","DEIS & Notice of Completion","2009-04-20T00:00:00.000"
"07BSA024Q","Whitestone Office Building","Negative Declaration","2007-01-30T00:00:00.000"
"07NYP003Q","Police Academy - College Point","Public Hearing on DEIS","2009-08-19T00:00:00.000"
"10TLC024K","Third Avenue Express Corp","EAS","2010-03-18T00:00:00.000"
"07NYP004X","Public Safety Answering Center II (PSAC II)","Public Hearing on DEIS","2008-12-17T00:00:00.000"
"07HPD034X","Shakespeare Place","Begin Additional Review","2008-04-14T00:00:00.000"
"97DCP011Y","Community Facility Text Amendment","Notice of Scoping Meeting","1996-10-31T00:00:00.000"
"06DCP065Q","Maspeth Woodside Rezoning","Negative Declaration","2006-01-23T00:00:00.000"
"08TLC055X","New York Ride, Inc","Negative Declaration","2008-11-24T00:00:00.000"
"12TLC008K","Amigo Piolin Express CSI","Lead Agency Letter","2011-09-20T00:00:00.000"
"99BSA012R","8 Ina Street","Type II Letter","1998-08-06T00:00:00.000"
"07NYP004X","Public Safety Answering Center II (PSAC II)","Notice of Scoping Meeting","2007-07-30T00:00:00.000"
"93DEP021R","Mason Avenue Pump Station","Lead Agency Letter","1992-09-01T00:00:00.000"
"14DCP155M","337 West 36th Street","Type II Memo","2014-04-11T00:00:00.000"
"96BSA063K","262 Heyward Street","Lead Agency Letter","1996-02-20T00:00:00.000"
"14HPD094M","2034 Amsterdam Avenue","Type II Memo","2014-06-10T00:00:00.000"
"15HPD080X","1347 Bristow Street HDFC","Type II Memo","2015-09-29T00:00:00.000"
"12DCP096Q","158-15 Union Turnpike Rezoning","Lead Agency Letter","2012-09-18T00:00:00.000"
"17DEP062U","Granting of Trail Easement to Ulster County for Ashokan Rail Trail","Type II Memo","2017-06-15T00:00:00.000"
"00DCP023Q","Kew Forest Rezoning","Lead Agency Letter","1999-11-18T00:00:00.000"
"09DCP020M","Riverside Center","Technical Memorandum","2010-12-15T00:00:00.000"
"95BSA048M","744-746 Greenwich Street","EAS","1995-01-05T00:00:00.000"
"10DCP032Y","Car Share Text Amendment","Lead Agency Letter","2010-04-23T00:00:00.000"
"07SBS014X","Anheuser - Busch Distribution Facility","Negative Declaration","2007-07-17T00:00:00.000"
"12HPD055K","Willoughby Tompkins","Type II Memo","2012-05-24T00:00:00.000"
"03DME021M","Modification of 184th Street Garage","Negative Declaration","2003-06-18T00:00:00.000"
"05BSA043K","Basile Builders, 25-47 McDonald Avenue","EAS","2004-09-15T00:00:00.000"
"96BSA009Q","White Castle","EAS","1995-08-09T00:00:00.000"
"15DCP037M","West 15th Street-Special West Chelsea District Expansion","Negative Declaration","2015-01-20T00:00:00.000"
"07HPD034X","Shakespeare Place","Begin Additional Review","2007-10-24T00:00:00.000"
"04BSA144M","Houston Street","Negative Declaration","2004-11-09T00:00:00.000"
"01DME006K","North Brooklyn Food Exchange","Negative Declaration","2001-01-08T00:00:00.000"
"19TLC005Q","Curb Transportation Services LLC","Lead Agency Letter","2018-08-10T00:00:00.000"
"94DEP227Q","Rikers Island South Expansion and Rehabilitation of a Pump Station, Force Main and Sewers","EAS","1995-12-20T00:00:00.000"
"02DCP041K","Boerum Place Rezoning","EAS","2002-02-07T00:00:00.000"
"12BSA078R","2385 Richmond Avenue","Lead Agency Letter","2012-02-21T00:00:00.000"
"09DPR006K","Transmitter Park Redevelopment","Lead Agency Letter","2009-02-13T00:00:00.000"
"13DCP121M","203-205 East 92nd Street","Negative Declaration","2013-05-06T00:00:00.000"
"19DPR002R","Olmsted-Beil House Park Addition","Create CEQR Number","2018-07-31T00:00:00.000"
"19DCP025K","420 Kent Avenue WPAA Phasing Plan","Create CEQR Number","2018-08-01T00:00:00.000"
"95DCP052Q","Downtown Flushing Rezoning","Draft EIS and NOC","1998-04-13T00:00:00.000"
"15TLC045K","Mega Mex Inc.","Lead Agency Letter","2015-04-12T00:00:00.000"
"05DCP018R","Clove Lake Civic Association Contextual Rezoning","Lead Agency Letter","2004-09-28T00:00:00.000"
"14DME012K","Willoughby Square Park Parking Garage","Begin Additional Review","2019-03-15T00:00:00.000"
"14HPD020X","Arthur Avenue Residence","Negative Declaration","2013-12-13T00:00:00.000"
"07HPD034X","Shakespeare Place","EAS","2007-07-24T00:00:00.000"
"95DCP058R","Staten Island Factory Center (1995), Kalien Commons (1999), Tides at Charleston (2004)","Positive Declaration","1995-08-10T00:00:00.000"
"11DEP008U","FAD-Related Stormwater Control Project - Drewville Road","Project Development","2010-07-30T00:00:00.000"
"14DCP197R","3303 Richmond Avenue","Type II Memo","2014-07-10T00:00:00.000"
"13TLC035R","Twenty-four Seven Service Inc","Negative Declaration","2013-03-11T00:00:00.000"
"02BSA085M","TSI Irving Place","Lead Agency Letter","2002-04-10T00:00:00.000"
"17DEP010U","Reconstruction of Port Jervis Wastewater Treatment Plant","EAS","2018-08-01T00:00:00.000"
"09BSA097Q","136-33 37th Avenue","Lead Agency Letter","2009-02-23T00:00:00.000"
"12DOS002X","CEQR Type II Determination for transfer of ownership","Type II Memo","2011-10-07T00:00:00.000"
"15DPR013M","East Side Coastal Resiliency Project","Technical Memorandum","2019-11-12T00:00:00.000"
"01DCP012Q","Maspeth Federal Savings","Negative Declaration","2001-07-23T00:00:00.000"
"07HPD029K","5011 4th Avenue","Negative Declaration","2007-05-16T00:00:00.000"
"10DME002M","Orchestra of St Luke's DiMenna Center for Classical Music","Lead Agency Letter",
"06BSA012M","32 East 31st Street","EAS",
"13DCP080M","606 West 57th Street","DEIS & Notice of Completion","2014-10-18T00:00:00.000"
"15BSA006R","53 Doty Avenue","Type II Memo","2014-07-29T00:00:00.000"
"11DEP020U","Replacement of Trickling Filter Recirculation Pumps at Port Jervis WWTP","Type II Memo","2011-01-20T00:00:00.000"
"12BSA039Q","145-15 33rd Avenue","Lead Agency Letter","2012-11-22T00:00:00.000"
"99BSA014M","51 East 7th Street","EAS","1998-08-03T00:00:00.000"
"94BSA017Q","189-11 Northern Boulevard","Lead Agency Letter",
"06DCP098R","Prince's Bay Rezoning and Text Amendment","Lead Agency Letter","2006-05-05T00:00:00.000"
"99HPD004X","Casket Company","Negative Declaration","1999-02-01T00:00:00.000"
"17DCP113M","40 Wooster Street","Create CEQR Number","2017-02-14T00:00:00.000"
"09DCP015K","Gowanus Rezoning and Related Actions","Scoping Meeting","2009-03-10T00:00:00.000"
"00DBS002M","The Yorkville-86th Street Business Imp","EAS","2000-01-19T00:00:00.000"
"21DCP141R","Kreischer Mansion","Lead Agency Letter","2021-05-26T00:00:00.000"
"19TLC004K","Puebla City Inc.","Lead Agency Letter","2018-07-01T00:00:00.000"
"96HPD007M","Maple Plaza Housing","Negative Declaration","1996-01-01T00:00:00.000"
"97DCP007M","West 53rd Street Parking Lot","Lead Agency Letter","1996-09-17T00:00:00.000"
"07DCP022M","SMART and Technology Building / Infill Development","Negative Declaration","2006-12-04T00:00:00.000"
"04BSA097M","Cornelia Beauty and Wellness-655-663 Fifth Avenue I","EAS","2003-12-01T00:00:00.000"
"00DCP003K","Tiffany Place Rezoning","Negative Declaration","2000-08-21T00:00:00.000"
"16BSA007X","621 East 216th Street","Lead Agency Letter","2015-10-23T00:00:00.000"
"95NYP001K","60th Precinct Parking Lot","EAS","1994-10-03T00:00:00.000"
"07SBS008R","West Shore Staten Island Empire Zone","EAS","2006-10-23T00:00:00.000"
"10DEP066Q","Rockaway By-Pass","Type II Memo","2009-11-30T00:00:00.000"
"08BSA021K","847 Kent Avenue","EAS","2007-09-10T00:00:00.000"
"11SBS003M","Chinatown BID","Negative Declaration","2010-10-14T00:00:00.000"
"06BSA017K","Popeyes Chicken and Biscuits","EAS","2005-09-14T00:00:00.000"
"07DCP018M","52-54 Wooster Street","Lead Agency Letter","2006-10-30T00:00:00.000"
"09BSA019M","532 Madison Avenue","Negative Declaration","2009-12-15T00:00:00.000"
"94BSA046R","1145 Forest Avenue","Lead Agency Letter",
"93BSA059R","530 Midland Avenue","EAS",
"06DCP034X","Westchester Square Rezoning","Negative Declaration","2005-10-17T00:00:00.000"
"14HPD063K","Halle Housing","Type II Memo","2014-07-22T00:00:00.000"
"94BSA049X","21-23 Terrace View Drive","EAS",
"95BSA056Q","Bell Plaza Health Club","EAS","1995-01-19T00:00:00.000"
"98BSA010Q","72-15 Metropolitan Avenue","EAS","1997-08-20T00:00:00.000"
"04BSA001Q","115-15 Farmers Boulevard","Negative Declaration","2004-07-13T00:00:00.000"
"07TLC003M","TS Limo Corp D/B/A Continental Private Car Service","Lead Agency Letter","2006-08-01T00:00:00.000"
"95DCP008M","Central Condominium Garage","Lead Agency Letter","1994-09-19T00:00:00.000"
"15BSA186M","548 West 22nd Street","Lead Agency Letter","2015-07-13T00:00:00.000"
"06BSA074Q","Vaughn College Dormitory Facility","Negative Declaration","2006-08-22T00:00:00.000"
"05BSA116M","Nikko Spa","Negative Declaration","2005-11-15T00:00:00.000"
"14DCP135K","5402 Fort Hamilton Parkway Rezoning","Project Development","2011-05-03T00:00:00.000"
"17DME007M","Inwood Rezoning Proposal","Technical Memorandum","2018-08-03T00:00:00.000"
"07SBS016Q","The Bayside Village Business Improvement District","Negative Declaration","2006-11-22T00:00:00.000"
"15DCP160Q","102-05 Ditmars Boulevard Parking Garage","Notice of Scoping Meeting","2015-05-14T00:00:00.000"
"00DCP007M","Expansion of the Museum of Modern Art","Scoping Meeting","2000-02-22T00:00:00.000"
"03DCP068M","199-205 Lafayette Street","Negative Declaration","2004-03-08T00:00:00.000"
"15HPD093M","Lexington Gardens","Type II Memo","2015-06-17T00:00:00.000"
"12BSA033K","2030 Ocean Parkway","Lead Agency Letter","2013-03-26T00:00:00.000"
"05BSA043K","Basile Builders, 25-47 McDonald Avenue","Negative Declaration","2005-05-24T00:00:00.000"
"92DCP038K","Emmons Avenue","Lead Agency Letter","1991-09-01T00:00:00.000"
"20HPD045K","Linden Plaza","Type II Memo","2019-12-09T00:00:00.000"
"11BSA045K","430-440 Park Avenue","Negative Declaration","2012-02-14T00:00:00.000"
"15DCP016K","Brooklyn Queens Nursing Home (841 Eldert Lane)","Type II Memo","2014-09-04T00:00:00.000"
"07SBS014X","Anheuser - Busch Distribution Facility","EAS","2007-07-17T00:00:00.000"
"02HPD027M","Isla Nena Apartments","Negative Declaration","2002-05-29T00:00:00.000"
"98DEP059Y","Asbestos Abatement Regulation Amendments","EAS",
"96DCP014X","Montefiore Medical Center Parking Garage Special Permits","EAS","1995-11-01T00:00:00.000"
"99BSA018Q","Merrick Boulevard Walgreens","Lead Agency Letter","1998-09-17T00:00:00.000"
"17DEP010U","Reconstruction of Port Jervis Wastewater Treatment Plant","Begin Additional Review","2018-08-01T00:00:00.000"
"13DCP001M","310-312 West 40th Street","Type II Memo","2012-07-13T00:00:00.000"
"15BSA020K","673 Driggs Avenue","Lead Agency Letter","2016-12-13T00:00:00.000"
"07HPD029K","5011 4th Avenue","EAS","2007-05-16T00:00:00.000"
"22DCP157X","Kevelson Residence - 670 West 247 Street - SNAD","Type II Memo","2022-03-31T00:00:00.000"
"04BSA042K","440 Morgan Avenue","Lead Agency Letter","2003-10-14T00:00:00.000"
"16DEP064Q","Spring Creek Effluent Chamber","Type II Memo","2015-09-09T00:00:00.000"
"98NYP003Q","Replacement Queens Health Facility","EAS","1998-03-19T00:00:00.000"
"08HPD014X","1421-1437 College Avenue","EAS","2007-12-19T00:00:00.000"
"19DPR002R","Olmsted-Beil House Park Addition","Lead Agency Letter","2018-08-02T00:00:00.000"
"04SBS005R","The Forest Avenue Business Improvement District","Negative Declaration","2004-02-02T00:00:00.000"
"05DCP020M","Fordham University Lincoln Center Master Plan","Statement of Findings","2011-02-22T00:00:00.000"
"02DME009K","Strauss Bakery Parking Lot","Lead Agency Letter","2001-12-05T00:00:00.000"
"08TLC033K","Stripes Car & Limousine Service, Inc","Lead Agency Letter","2007-11-15T00:00:00.000"
"11DHS003Q","170-02 93rd Avenue","Negative Declaration","2011-03-02T00:00:00.000"
"07DME022Q","Former Rockaway Courthouse","Lead Agency Letter","2007-04-04T00:00:00.000"
"07BSA031M","23 West 45th Street","Lead Agency Letter","2007-01-02T00:00:00.000"
"99DEP075M","City Water Tunnel No.3.Stage 2. Manhattan South, Shaft 29B","Negative Declaration","2000-02-15T00:00:00.000"
"12DIT002Y","Moblie Telecommunications Franchises","Lead Agency Letter","2012-03-29T00:00:00.000"
"09DCP043M","Columbus House West Side Large Scale Residential Development Modifications","EAS","2009-01-13T00:00:00.000"
"13DCP011M","East Midtown Rezoning and Related Actions","Notice of Public Hearing","2013-07-22T00:00:00.000"
"20DHS010X","1055 University Avenue","EAS","2019-12-10T00:00:00.000"
"07DCP018M","52-54 Wooster Street","EAS","2006-10-13T00:00:00.000"
"07DME024K","Carribbean American Chamber of Commerce and Industry Development","EAS","2008-05-12T00:00:00.000"
"10DEP041U","Ashokan Dividing Weir","Project Development","2010-09-30T00:00:00.000"
"10DCP038K","Ocean Dreams Rezoning and Related Actions","CND Comment Period End","2011-04-25T00:00:00.000"
"02DME003M","West Chambers Residential Development (a/k/a Washington Street Urban Renewal Area- Site 5C","Positive Declaration","2003-05-23T00:00:00.000"
"96DCP029X","Port Morris Zoning Map Amendments","Positive Declaration","1996-02-09T00:00:00.000"
"95DCP023M","42-50 Wooster Street","Revised EAS","1995-01-27T00:00:00.000"
"17DME007M","Inwood Rezoning Proposal","Begin Additional Review","2018-07-25T00:00:00.000"
"15BSA020K","673 Driggs Avenue","Negative Declaration","2016-12-13T00:00:00.000"
"12DPR005Q","USTA National Tennis Center Strategic Vision","Notice of Public Hearing","2013-04-04T00:00:00.000"
"05BSA094K","Yeshiva Tiferes Yisroel","EAS","2005-02-17T00:00:00.000"
"04DCP029M","Verizon West 47th/West 48th Street Rezoning","EAS","2004-06-03T00:00:00.000"
"12DCP059M","95 West 95 Street","Type II Memo","2011-12-01T00:00:00.000"
"12DCP086R","51 Outerbridge Avenue","Type II Memo","2012-02-22T00:00:00.000"
"04BSA012K","1858 East 26th Street","Type II Memo","2004-01-13T00:00:00.000"
"15HPD068Q","Beach Green North","Lead Agency Letter","2015-04-08T00:00:00.000"
"10BSA034K","255 Bulter Avenue","Negative Declaration","2010-08-23T00:00:00.000"
"08TLC009Q","City Limousine Transportation Inc.","Negative Declaration","2007-09-07T00:00:00.000"
"02DEP029K","Croton Water Filtration Project","Lead Agency Letter","2002-01-31T00:00:00.000"
